PlanID,EligibilityAge,VestingYears,MatchingPercentage,MaxContributionLimit
P1000,25,4,100,20000
P1001,18,7,50,20000
P1002,18,3,50,19500
P1003,21,5,75,22500
P1004,18,6,75,20000
P1005,25,6,25,22500
P1006,25,5,100,22500
P1007,21,5,75,19500
P1008,18,3,50,19500
P1009,21,7,100,22500
P1010,21,7,50,22500
P1011,25,6,100,19500
P1012,18,4,75,22500
P1013,25,7,25,20000
P1014,18,3,75,22500
P1015,25,4,100,20000
P1016,25,5,25,22500
P1017,25,6,75,19500
P1018,21,6,50,19500
P1019,25,6,50,22500
P1020,18,6,75,22500
P1021,25,3,75,22500
P1022,21,7,25,19500
P1023,25,7,25,19500
P1024,25,6,50,20000
P1025,21,6,75,22500
P1026,25,4,75,20000
P1027,21,6,25,22500
P1028,21,5,75,20000
P1029,25,6,50,20000
P1030,21,4,25,22500
P1031,21,6,25,20000
P1032,21,5,75,22500
P1033,18,4,100,19500
P1034,25,3,100,19500
P1035,25,5,25,20000
P1036,25,6,50,20000
P1037,25,5,75,19500
P1038,18,4,75,20000
P1039,18,6,50,22500
P1040,25,5,25,20000
P1041,18,4,100,19500
P1042,21,3,50,20000
P1043,21,5,75,22500
P1044,18,3,100,22500
P1045,25,4,25,20000
P1046,18,4,50,19500
P1047,25,6,50,20000
P1048,18,3,75,19500
P1049,21,5,25,20000
P1050,18,3,50,20000
P1051,21,3,25,20000
P1052,25,7,75,19500
P1053,25,7,100,19500
P1054,25,7,25,22500
P1055,21,4,100,19500
P1056,21,3,50,19500
P1057,18,3,50,22500
P1058,21,4,50,19500
P1059,21,4,25,22500
P1060,25,5,100,19500
P1061,21,4,100,22500
P1062,18,5,50,22500
P1063,25,4,75,20000
P1064,25,3,50,22500
P1065,21,3,100,22500
P1066,25,7,100,22500
P1067,25,3,75,19500
P1068,21,6,25,20000
P1069,25,7,50,19500
P1070,18,7,50,20000
P1071,18,5,50,19500
P1072,21,5,100,20000
P1073,21,3,25,20000
P1074,25,7,25,19500
P1075,21,7,25,22500
P1076,18,6,75,19500
P1077,25,7,100,19500
P1078,21,5,50,22500
P1079,21,4,25,22500
P1080,25,3,100,19500
P1081,25,4,50,20000
P1082,25,5,50,22500
P1083,25,4,50,22500
P1084,25,4,100,22500
P1085,21,3,75,22500
P1086,18,7,75,20000
P1087,25,7,100,22500
P1088,25,5,100,20000
P1089,21,6,25,20000
P1090,21,4,25,19500
P1091,25,3,75,19500
P1092,25,4,50,19500
P1093,25,7,100,19500
P1094,21,6,100,20000
P1095,25,4,25,19500
P1096,25,4,75,22500
P1097,21,5,25,20000
P1098,25,5,100,20000
P1099,18,7,100,20000
P1100,25,5,75,20000
P1101,18,3,100,22500
P1102,21,4,50,19500
P1103,18,5,100,19500
P1104,25,4,100,19500
P1105,21,3,50,20000
P1106,21,3,100,22500
P1107,25,4,75,22500
P1108,25,4,75,20000
P1109,25,7,25,22500
P1110,25,3,50,19500
P1111,18,4,25,20000
P1112,21,6,25,22500
P1113,21,4,75,22500
P1114,25,6,75,20000
P1115,18,7,100,20000
P1116,18,4,100,20000
P1117,25,4,50,19500
P1118,21,5,100,20000
P1119,21,3,25,20000
P1120,25,7,25,20000
P1121,18,6,50,19500
P1122,25,4,100,22500
P1123,21,3,100,19500
P1124,21,3,100,19500
P1125,18,7,75,20000
P1126,18,5,75,22500
P1127,18,3,25,19500
P1128,25,6,50,20000
P1129,18,5,75,22500
P1130,18,3,75,20000
P1131,21,5,75,22500
P1132,25,3,50,22500
P1133,25,6,50,22500
P1134,18,3,25,19500
P1135,25,7,25,20000
P1136,21,4,75,19500
P1137,25,6,100,22500
P1138,21,3,50,19500
P1139,18,6,75,19500
P1140,25,7,50,22500
P1141,25,5,100,20000
P1142,21,3,100,19500
P1143,18,7,100,20000
P1144,18,5,75,19500
P1145,21,3,25,22500
P1146,25,7,75,22500
P1147,21,7,75,22500
P1148,18,5,50,22500
P1149,18,4,50,22500
P1150,18,4,100,19500
P1151,21,7,50,22500
P1152,25,3,75,20000
P1153,21,4,75,19500
P1154,21,6,25,20000
P1155,25,6,25,22500
P1156,21,4,100,19500
P1157,25,4,25,20000
P1158,25,6,25,20000
P1159,18,5,50,19500
P1160,18,7,75,22500
P1161,21,7,25,22500
P1162,18,6,100,20000
P1163,18,4,100,19500
P1164,21,7,50,20000
P1165,25,3,75,22500
P1166,21,7,50,20000
P1167,25,3,25,19500
P1168,25,6,50,22500
P1169,21,6,25,22500
P1170,21,7,25,22500
P1171,25,4,50,20000
P1172,21,7,75,20000
P1173,25,4,100,20000
P1174,25,6,50,22500
P1175,18,6,75,22500
P1176,25,5,25,19500
P1177,18,5,50,22500
P1178,21,6,75,20000
P1179,25,3,50,22500
P1180,18,5,100,20000
P1181,18,7,25,19500
P1182,18,4,50,20000
P1183,25,4,100,19500
P1184,21,7,25,19500
P1185,18,7,25,20000
P1186,25,4,75,20000
P1187,21,5,100,22500
P1188,18,4,25,20000
P1189,21,6,25,19500
P1190,18,5,50,19500
P1191,21,4,25,20000
P1192,25,7,25,19500
P1193,25,6,100,20000
P1194,25,6,25,22500
P1195,25,7,100,19500
P1196,18,5,100,20000
P1197,25,3,100,22500
P1198,18,6,75,19500
P1199,21,7,25,19500
P1200,21,6,75,22500
P1201,18,5,25,22500
P1202,18,7,50,22500
P1203,18,5,100,22500
P1204,25,6,50,22500
P1205,21,7,25,19500
P1206,21,4,75,20000
P1207,25,7,50,22500
P1208,25,3,25,20000
P1209,18,7,25,20000
P1210,21,5,50,22500
P1211,18,4,100,19500
P1212,21,5,50,19500
P1213,18,4,25,19500
P1214,18,4,50,19500
P1215,25,7,25,19500
P1216,25,5,25,22500
P1217,18,5,100,19500
P1218,25,6,75,20000
P1219,25,4,25,19500
P1220,21,5,75,22500
P1221,21,3,25,19500
P1222,18,6,50,22500
P1223,25,6,100,19500
P1224,25,3,50,19500
P1225,25,3,75,20000
P1226,25,5,25,20000
P1227,25,3,100,22500
P1228,25,7,25,20000
P1229,21,5,100,20000
P1230,25,3,75,22500
P1231,18,6,50,20000
P1232,25,6,50,19500
P1233,25,3,50,20000
P1234,25,4,25,20000
P1235,18,7,75,20000
P1236,18,4,100,19500
P1237,18,7,25,20000
P1238,21,5,100,22500
P1239,25,4,100,20000
P1240,18,6,100,22500
P1241,25,4,75,19500
P1242,21,7,25,22500
P1243,18,7,75,22500
P1244,25,7,25,22500
P1245,18,7,100,20000
P1246,25,4,50,19500
P1247,25,4,50,22500
P1248,18,5,75,20000
P1249,18,7,25,19500
P1250,18,6,75,20000
P1251,18,7,50,22500
P1252,25,7,25,19500
P1253,25,3,75,19500
P1254,21,7,25,20000
P1255,18,3,100,19500
P1256,18,4,75,22500
P1257,25,5,75,22500
P1258,18,4,50,22500
P1259,25,4,50,19500
P1260,25,4,25,22500
P1261,18,6,25,22500
P1262,21,7,50,20000
P1263,25,6,75,20000
P1264,18,5,75,22500
P1265,25,6,75,19500
P1266,21,3,50,22500
P1267,18,5,75,22500
P1268,25,4,75,19500
P1269,18,4,50,20000
P1270,18,5,50,20000
P1271,21,4,50,20000
P1272,21,3,75,22500
P1273,21,5,75,22500
P1274,21,3,50,22500
P1275,21,3,25,20000
P1276,25,4,100,22500
P1277,21,7,25,19500
P1278,21,7,75,20000
P1279,25,7,75,19500
P1280,18,5,100,20000
P1281,25,4,50,22500
P1282,18,3,25,19500
P1283,18,4,50,19500
P1284,21,3,50,19500
P1285,25,7,75,22500
P1286,18,6,50,20000
P1287,18,5,50,20000
P1288,25,7,50,22500
P1289,18,3,100,20000
P1290,21,4,100,20000
P1291,25,3,25,19500
P1292,21,4,50,19500
P1293,25,4,25,19500
P1294,18,5,50,22500
P1295,25,6,25,20000
P1296,18,5,75,22500
P1297,21,6,100,19500
P1298,18,3,75,22500
P1299,18,5,75,22500
P1300,25,4,25,22500
P1301,18,4,50,19500
P1302,21,5,100,19500
P1303,21,5,75,19500
P1304,21,7,100,22500
P1305,18,3,100,19500
P1306,25,3,100,19500
P1307,18,5,100,20000
P1308,21,3,50,20000
P1309,21,3,75,19500
P1310,18,5,75,22500
P1311,18,7,25,22500
P1312,21,7,100,20000
P1313,21,5,100,20000
P1314,21,5,75,22500
P1315,25,4,100,20000
P1316,18,7,25,19500
P1317,25,5,25,19500
P1318,25,3,25,20000
P1319,25,5,75,22500
P1320,25,6,100,19500
P1321,18,4,100,22500
P1322,25,3,100,19500
P1323,21,5,25,19500
P1324,21,3,100,20000
P1325,21,5,50,22500
P1326,18,7,100,19500
P1327,25,6,75,19500
P1328,18,6,25,19500
P1329,21,3,50,22500
P1330,18,4,50,22500
P1331,25,7,25,19500
P1332,21,6,100,22500
P1333,25,4,50,20000
P1334,21,4,50,20000
P1335,21,5,75,20000
P1336,18,3,25,20000
P1337,21,4,75,22500
P1338,25,3,50,20000
P1339,21,5,50,19500
P1340,21,5,100,20000
P1341,21,5,75,22500
P1342,18,3,50,19500
P1343,21,5,100,22500
P1344,21,6,25,20000
P1345,25,7,25,20000
P1346,21,3,50,20000
P1347,25,5,25,19500
P1348,18,6,50,19500
P1349,25,6,25,20000
P1350,21,7,25,20000
P1351,21,5,50,22500
P1352,18,7,75,19500
P1353,21,7,100,22500
P1354,18,3,100,22500
P1355,21,3,75,19500
P1356,25,3,75,22500
P1357,18,7,50,20000
P1358,21,7,75,20000
P1359,25,4,25,20000
P1360,18,7,50,19500
P1361,21,4,25,22500
P1362,25,4,75,19500
P1363,25,3,100,22500
P1364,18,6,25,22500
P1365,18,6,50,22500
P1366,21,3,100,22500
P1367,18,4,50,19500
P1368,25,7,50,22500
P1369,18,5,50,19500
P1370,18,6,50,19500
P1371,25,6,50,19500
P1372,18,5,50,22500
P1373,18,7,75,22500
P1374,18,5,25,22500
P1375,18,6,75,22500
P1376,25,5,100,20000
P1377,18,6,50,19500
P1378,25,3,25,22500
P1379,25,3,75,20000
P1380,18,7,75,19500
P1381,25,6,25,19500
P1382,25,3,75,22500
P1383,21,3,50,20000
P1384,25,7,50,19500
P1385,25,7,50,19500
P1386,25,6,25,20000
P1387,25,4,50,19500
P1388,21,6,100,22500
P1389,21,5,25,22500
P1390,18,7,50,19500
P1391,25,3,25,19500
P1392,18,7,75,20000
P1393,18,4,75,22500
P1394,25,6,25,20000
P1395,25,5,100,22500
P1396,21,4,25,20000
P1397,18,4,25,19500
P1398,25,5,100,19500
P1399,18,4,75,22500
P1400,18,5,50,22500
P1401,25,3,75,20000
P1402,21,3,100,20000
P1403,21,4,25,22500
P1404,18,3,100,19500
P1405,18,7,25,22500
P1406,21,3,25,20000
P1407,25,5,75,22500
P1408,25,7,50,19500
P1409,25,5,25,20000
P1410,18,6,75,20000
P1411,21,7,100,22500
P1412,21,3,75,20000
P1413,25,5,50,20000
P1414,21,6,50,22500
P1415,25,6,75,19500
P1416,18,4,50,22500
P1417,21,4,100,19500
P1418,18,5,25,19500
P1419,21,4,50,19500
P1420,21,5,25,19500
P1421,18,4,75,19500
P1422,18,5,50,22500
P1423,25,6,25,19500
P1424,21,5,50,22500
P1425,25,4,100,19500
P1426,21,4,75,22500
P1427,25,5,50,22500
P1428,18,3,25,20000
P1429,21,7,25,20000
P1430,18,3,25,20000
P1431,18,4,100,19500
P1432,21,5,75,22500
P1433,18,3,100,19500
P1434,25,5,100,19500
P1435,18,6,75,20000
P1436,18,4,75,19500
P1437,25,5,50,19500
P1438,25,4,100,19500
P1439,25,5,100,19500
P1440,25,3,100,19500
P1441,21,6,50,22500
P1442,21,5,50,19500
P1443,25,6,50,22500
P1444,18,5,75,20000
P1445,21,5,75,20000
P1446,18,5,75,19500
P1447,21,7,100,19500
P1448,18,3,25,19500
P1449,18,6,25,22500
P1450,21,5,25,22500
P1451,21,3,75,19500
P1452,21,7,75,19500
P1453,18,3,50,19500
P1454,25,7,100,19500
P1455,25,4,25,20000
P1456,25,6,50,20000
P1457,18,4,100,20000
P1458,21,7,75,22500
P1459,25,3,100,22500
P1460,18,7,25,19500
P1461,25,4,75,20000
P1462,25,7,50,22500
P1463,25,6,75,22500
P1464,25,6,75,22500
P1465,18,3,50,22500
P1466,25,4,25,19500
P1467,18,7,50,22500
P1468,21,7,50,20000
P1469,18,4,75,19500
P1470,18,4,75,22500
P1471,21,7,100,20000
P1472,21,7,75,20000
P1473,18,4,100,19500
P1474,21,5,100,20000
P1475,25,5,75,19500
P1476,18,5,50,19500
P1477,18,5,100,19500
P1478,21,7,100,20000
P1479,25,3,25,20000
P1480,21,4,100,19500
P1481,21,3,75,22500
P1482,21,5,50,20000
P1483,18,4,100,20000
P1484,21,6,50,20000
P1485,21,5,25,19500
P1486,21,5,50,22500
P1487,18,7,50,22500
P1488,21,3,25,19500
P1489,25,6,25,19500
P1490,25,3,25,20000
P1491,18,3,25,19500
P1492,25,4,75,22500
P1493,18,3,75,19500
P1494,25,4,25,20000
P1495,25,3,25,20000
P1496,18,3,75,22500
P1497,25,3,25,22500
P1498,21,7,50,19500
P1499,21,5,75,20000
P1500,25,5,25,20000
P1501,25,4,50,19500
P1502,21,7,50,22500
P1503,21,3,25,19500
P1504,21,7,75,22500
P1505,21,4,50,22500
P1506,18,5,100,20000
P1507,21,3,50,20000
P1508,25,4,25,20000
P1509,21,3,100,22500
P1510,21,5,75,22500
P1511,18,3,100,22500
P1512,25,4,25,22500
P1513,18,7,100,22500
P1514,25,7,75,19500
P1515,18,6,100,22500
P1516,25,5,50,20000
P1517,21,7,50,19500
P1518,21,6,50,22500
P1519,18,4,75,20000
P1520,21,3,50,19500
P1521,21,6,100,20000
P1522,18,4,100,19500
P1523,25,6,100,20000
P1524,25,6,50,19500
P1525,25,5,100,22500
P1526,18,4,75,19500
P1527,18,3,50,22500
P1528,18,7,25,19500
P1529,18,5,25,19500
P1530,25,6,100,20000
P1531,25,4,100,20000
P1532,18,7,75,19500
P1533,18,3,75,20000
P1534,21,6,25,19500
P1535,21,3,100,22500
P1536,18,3,25,20000
P1537,21,3,25,19500
P1538,21,3,75,20000
P1539,21,4,100,20000
P1540,21,4,50,22500
P1541,18,4,50,22500
P1542,21,5,25,22500
P1543,25,3,50,20000
P1544,21,6,50,20000
P1545,18,5,100,20000
P1546,18,3,75,19500
P1547,25,6,100,22500
P1548,18,4,100,19500
P1549,21,3,100,22500
P1550,25,4,50,22500
P1551,18,7,100,22500
P1552,25,4,100,22500
P1553,21,3,100,19500
P1554,25,4,50,22500
P1555,25,3,100,22500
P1556,21,5,25,20000
P1557,18,3,50,20000
P1558,18,3,75,19500
P1559,25,6,75,19500
P1560,25,5,75,19500
P1561,25,5,75,20000
P1562,18,3,50,20000
P1563,18,4,25,20000
P1564,25,4,25,22500
P1565,21,7,75,19500
P1566,25,5,50,20000
P1567,21,6,25,22500
P1568,21,7,25,22500
P1569,21,6,75,22500
P1570,21,7,75,22500
P1571,21,6,25,19500
P1572,25,6,50,19500
P1573,25,3,25,20000
P1574,21,4,50,19500
P1575,21,4,25,19500
P1576,18,4,100,19500
P1577,21,5,100,22500
P1578,25,7,100,22500
P1579,18,3,50,20000
P1580,18,5,50,20000
P1581,18,4,75,20000
P1582,18,4,50,20000
P1583,25,7,25,20000
P1584,21,4,50,22500
P1585,25,3,50,22500
P1586,25,6,75,19500
P1587,25,4,100,20000
P1588,18,6,25,19500
P1589,18,6,75,19500
P1590,18,3,50,20000
P1591,21,7,75,19500
P1592,25,5,50,20000
P1593,18,3,25,22500
P1594,18,5,100,19500
P1595,25,3,75,19500
P1596,18,4,75,22500
P1597,25,5,25,19500
P1598,25,5,50,22500
P1599,25,7,50,19500
P1600,21,5,100,20000
P1601,18,6,25,19500
P1602,18,6,50,19500
P1603,18,6,50,20000
P1604,25,5,75,19500
P1605,18,7,25,22500
P1606,21,4,25,20000
P1607,18,4,75,19500
P1608,25,6,25,19500
P1609,25,6,75,19500
P1610,21,6,25,20000
P1611,25,3,50,19500
P1612,21,7,50,22500
P1613,18,3,75,20000
P1614,18,7,25,20000
P1615,21,4,50,19500
P1616,18,4,50,20000
P1617,18,7,75,22500
P1618,18,3,75,20000
P1619,21,6,25,19500
P1620,18,5,100,20000
P1621,18,5,50,22500
P1622,25,3,50,20000
P1623,25,6,100,20000
P1624,21,6,25,22500
P1625,21,4,75,20000
P1626,18,7,100,22500
P1627,21,6,100,19500
P1628,18,5,50,22500
P1629,18,7,50,20000
P1630,21,5,25,20000
P1631,21,6,100,20000
P1632,21,7,100,19500
P1633,18,5,50,19500
P1634,18,6,25,22500
P1635,25,5,100,20000
P1636,21,3,100,22500
P1637,21,4,100,20000
P1638,18,3,25,19500
P1639,18,3,25,22500
P1640,21,5,75,19500
P1641,25,4,25,20000
P1642,18,4,50,20000
P1643,25,3,75,20000
P1644,18,3,75,22500
P1645,25,7,25,19500
P1646,18,5,75,19500
P1647,18,5,50,22500
P1648,18,3,100,19500
P1649,21,5,100,19500
P1650,21,4,50,22500
P1651,18,4,75,19500
P1652,21,3,75,20000
P1653,25,4,50,20000
P1654,25,4,75,20000
P1655,21,7,100,22500
P1656,18,7,50,20000
P1657,21,3,50,19500
P1658,25,6,25,22500
P1659,18,7,100,20000
P1660,18,3,25,19500
P1661,18,5,75,22500
P1662,21,3,100,20000
P1663,25,3,25,19500
P1664,25,4,50,19500
P1665,18,5,100,19500
P1666,18,5,25,19500
P1667,18,6,100,20000
P1668,21,4,100,19500
P1669,25,7,25,19500
P1670,21,4,100,19500
P1671,18,5,75,19500
P1672,18,5,25,22500
P1673,25,5,25,19500
P1674,18,5,75,19500
P1675,25,6,100,20000
P1676,21,7,100,22500
P1677,21,4,100,22500
P1678,21,7,25,20000
P1679,21,4,75,19500
P1680,25,6,50,19500
P1681,21,6,50,20000
P1682,18,3,50,22500
P1683,25,3,50,22500
P1684,18,4,25,22500
P1685,18,4,100,22500
P1686,21,3,50,22500
P1687,25,4,25,19500
P1688,25,4,50,20000
P1689,18,6,75,19500
P1690,25,5,50,20000
P1691,21,6,75,19500
P1692,18,3,100,19500
P1693,21,6,75,19500
P1694,21,4,75,22500
P1695,25,5,50,22500
P1696,18,6,75,20000
P1697,25,4,75,20000
P1698,21,3,100,20000
P1699,21,5,25,20000
P1700,21,3,75,20000
P1701,21,3,100,19500
P1702,25,5,75,20000
P1703,21,5,75,22500
P1704,25,7,25,22500
P1705,18,4,50,22500
P1706,18,6,100,20000
P1707,18,3,100,22500
P1708,25,6,25,20000
P1709,18,4,50,22500
P1710,21,3,25,20000
P1711,18,7,50,19500
P1712,25,3,100,22500
P1713,18,7,50,20000
P1714,25,3,50,19500
P1715,21,5,25,19500
P1716,21,4,25,19500
P1717,21,6,100,20000
P1718,21,7,100,19500
P1719,21,4,75,19500
P1720,21,4,50,19500
P1721,18,5,50,20000
P1722,25,3,100,22500
P1723,25,4,25,20000
P1724,21,3,50,19500
P1725,25,3,50,19500
P1726,18,5,50,19500
P1727,18,6,50,19500
P1728,18,4,100,20000
P1729,21,6,75,20000
P1730,25,5,50,22500
P1731,25,6,75,19500
P1732,18,3,50,22500
P1733,18,3,50,19500
P1734,25,4,25,20000
P1735,21,7,100,22500
P1736,25,6,100,20000
P1737,25,4,75,19500
P1738,21,3,50,20000
P1739,25,5,100,20000
P1740,21,3,50,20000
P1741,25,3,50,20000
P1742,25,3,25,20000
P1743,25,6,25,20000
P1744,25,7,100,22500
P1745,18,3,25,20000
P1746,25,3,50,20000
P1747,25,3,50,19500
P1748,21,7,75,22500
P1749,18,4,50,22500
P1750,21,5,25,19500
P1751,21,5,50,20000
P1752,25,4,25,22500
P1753,25,5,25,20000
P1754,18,4,75,20000
P1755,21,6,75,20000
P1756,21,4,25,20000
P1757,25,5,75,22500
P1758,21,7,75,20000
P1759,21,7,75,20000
P1760,18,4,75,20000
P1761,18,6,100,22500
P1762,18,7,25,22500
P1763,25,3,100,19500
P1764,21,5,25,22500
P1765,21,6,75,20000
P1766,18,3,100,20000
P1767,21,5,75,20000
P1768,21,7,50,20000
P1769,18,4,75,22500
P1770,25,4,25,20000
P1771,21,4,50,20000
P1772,25,6,25,19500
P1773,18,6,50,22500
P1774,21,6,25,19500
P1775,25,7,25,22500
P1776,18,4,100,19500
P1777,25,3,50,22500
P1778,25,5,50,19500
P1779,25,7,25,20000
P1780,21,4,100,20000
P1781,18,3,25,20000
P1782,18,5,75,20000
P1783,25,6,50,20000
P1784,18,5,50,19500
P1785,18,6,100,22500
P1786,21,5,50,20000
P1787,25,7,100,22500
P1788,21,3,100,19500
P1789,18,5,100,20000
P1790,18,4,75,22500
P1791,21,4,25,22500
P1792,18,4,75,22500
P1793,21,7,75,20000
P1794,18,5,25,19500
P1795,18,7,50,22500
P1796,21,4,75,20000
P1797,21,4,100,22500
P1798,18,7,25,22500
P1799,21,3,100,19500
P1800,25,6,75,22500
P1801,25,4,25,19500
P1802,18,5,100,22500
P1803,18,4,50,22500
P1804,25,3,50,20000
P1805,21,4,50,22500
P1806,18,3,100,22500
P1807,25,4,100,22500
P1808,25,6,75,19500
P1809,21,3,25,20000
P1810,21,3,25,22500
P1811,21,3,50,19500
P1812,21,6,100,19500
P1813,25,6,75,22500
P1814,18,7,75,20000
P1815,18,7,50,19500
P1816,18,6,25,19500
P1817,18,3,75,19500
P1818,18,4,100,22500
P1819,18,4,25,20000
P1820,18,5,50,22500
P1821,25,5,25,20000
P1822,25,5,75,22500
P1823,21,5,25,22500
P1824,21,5,75,22500
P1825,21,5,75,22500
P1826,25,4,75,19500
P1827,18,4,50,20000
P1828,25,4,100,20000
P1829,21,7,75,20000
P1830,21,7,100,20000
P1831,25,4,100,20000
P1832,18,6,50,19500
P1833,18,6,100,20000
P1834,25,5,50,19500
P1835,18,5,25,22500
P1836,25,3,50,19500
P1837,25,5,75,22500
P1838,18,3,100,19500
P1839,18,6,100,22500
P1840,18,5,25,22500
P1841,21,6,100,19500
P1842,18,3,50,22500
P1843,18,4,25,19500
P1844,21,4,75,22500
P1845,25,4,50,22500
P1846,18,3,50,22500
P1847,25,3,50,20000
P1848,25,6,100,22500
P1849,21,4,75,22500
P1850,18,5,50,19500
P1851,21,5,50,22500
P1852,18,4,25,20000
P1853,25,4,50,22500
P1854,25,3,25,19500
P1855,18,6,75,20000
P1856,21,7,25,20000
P1857,21,6,25,19500
P1858,21,5,50,22500
P1859,18,3,25,19500
P1860,21,4,50,20000
P1861,25,4,25,20000
P1862,21,6,75,20000
P1863,18,4,25,22500
P1864,25,3,25,22500
P1865,21,4,75,19500
P1866,21,5,50,22500
P1867,21,5,50,19500
P1868,18,3,75,22500
P1869,18,6,100,20000
P1870,18,4,75,20000
P1871,25,5,100,20000
P1872,25,4,25,19500
P1873,18,7,50,20000
P1874,18,3,75,19500
P1875,21,3,75,20000
P1876,25,3,75,20000
P1877,25,7,25,19500
P1878,21,7,100,22500
P1879,25,7,100,19500
P1880,25,4,100,19500
P1881,18,3,100,22500
P1882,25,5,75,20000
P1883,25,7,50,20000
P1884,18,5,75,20000
P1885,25,6,25,20000
P1886,18,4,75,19500
P1887,25,6,50,20000
P1888,18,7,50,20000
P1889,25,6,100,19500
P1890,21,7,25,20000
P1891,18,4,25,22500
P1892,25,4,50,19500
P1893,25,3,25,19500
P1894,21,7,50,20000
P1895,21,3,50,19500
P1896,21,5,100,19500
P1897,25,3,25,19500
P1898,25,6,25,20000
P1899,21,5,50,19500
P1900,21,7,50,20000
P1901,21,7,75,20000
P1902,18,6,100,20000
P1903,18,4,100,19500
P1904,25,5,50,20000
P1905,25,7,75,20000
P1906,25,3,25,19500
P1907,18,7,50,22500
P1908,25,4,25,22500
P1909,18,4,75,20000
P1910,25,4,75,22500
P1911,25,4,75,19500
P1912,21,6,100,19500
P1913,25,3,100,22500
P1914,18,6,50,20000
P1915,21,5,50,19500
P1916,25,7,100,19500
P1917,21,6,100,20000
P1918,25,6,100,22500
P1919,18,5,75,20000
P1920,25,5,75,20000
P1921,18,5,100,20000
P1922,18,5,50,20000
P1923,25,3,50,20000
P1924,21,4,50,22500
P1925,18,5,50,19500
P1926,21,4,50,20000
P1927,21,5,25,22500
P1928,25,7,25,22500
P1929,25,5,25,22500
P1930,18,4,75,20000
P1931,18,6,75,19500
P1932,21,7,100,22500
P1933,25,3,100,22500
P1934,21,4,100,22500
P1935,18,7,100,19500
P1936,25,7,50,19500
P1937,18,7,100,20000
P1938,21,4,100,22500
P1939,21,6,25,19500
P1940,25,3,50,22500
P1941,25,6,50,22500
P1942,25,5,50,22500
P1943,18,3,50,20000
P1944,18,6,100,20000
P1945,25,5,50,20000
P1946,18,7,75,22500
P1947,18,6,100,20000
P1948,18,5,100,20000
P1949,18,5,25,22500
P1950,18,4,50,19500
P1951,25,6,50,22500
P1952,21,6,100,19500
P1953,18,5,25,22500
P1954,21,7,100,20000
P1955,21,3,75,22500
P1956,18,4,75,22500
P1957,18,7,50,22500
P1958,21,7,25,19500
P1959,25,5,75,22500
P1960,25,4,25,20000
P1961,25,5,75,20000
P1962,25,3,100,19500
P1963,25,4,100,19500
P1964,21,6,75,20000
P1965,21,5,50,20000
P1966,21,4,25,22500
P1967,18,7,50,20000
P1968,18,7,50,19500
P1969,25,5,100,19500
P1970,25,4,25,19500
P1971,21,4,50,19500
P1972,21,6,75,20000
P1973,18,7,25,20000
P1974,18,6,25,20000
P1975,25,3,100,20000
P1976,25,6,50,19500
P1977,21,7,50,19500
P1978,25,7,50,19500
P1979,18,7,25,20000
P1980,25,6,25,20000
P1981,18,5,25,19500
P1982,18,5,75,22500
P1983,25,5,100,20000
P1984,18,4,25,22500
P1985,25,6,100,19500
P1986,18,7,25,20000
P1987,25,3,50,20000
P1988,21,3,50,19500
P1989,25,6,100,22500
P1990,18,3,100,19500
P1991,18,3,75,19500
P1992,18,5,75,22500
P1993,18,6,100,19500
P1994,18,4,75,20000
P1995,18,4,100,19500
P1996,21,6,100,19500
P1997,25,7,25,19500
P1998,21,3,100,20000
P1999,25,7,25,19500
P2000,18,6,50,20000
P2001,18,3,25,20000
P2002,25,7,100,20000
P2003,25,4,100,19500
P2004,25,7,75,19500
P2005,21,3,50,22500
P2006,18,5,100,20000
P2007,21,6,25,19500
P2008,25,3,75,20000
P2009,21,3,100,20000
P2010,25,7,50,22500
P2011,25,7,100,19500
P2012,21,4,100,19500
P2013,21,7,75,22500
P2014,21,6,100,22500
P2015,18,6,100,22500
P2016,21,7,100,22500
P2017,25,6,50,19500
P2018,21,7,50,19500
P2019,21,6,25,22500
P2020,18,4,50,19500
P2021,18,7,25,20000
P2022,21,4,100,19500
P2023,21,3,75,20000
P2024,18,6,75,20000
P2025,18,3,75,22500
P2026,25,5,50,22500
P2027,21,3,50,20000
P2028,21,5,75,22500
P2029,21,6,25,19500
P2030,18,5,100,22500
P2031,25,7,25,20000
P2032,21,5,50,22500
P2033,21,5,25,20000
P2034,25,6,75,20000
P2035,21,3,100,20000
P2036,25,7,100,22500
P2037,25,6,75,19500
P2038,18,5,75,20000
P2039,21,4,25,22500
P2040,21,6,50,20000
P2041,25,5,100,19500
P2042,18,4,75,20000
P2043,21,4,75,20000
P2044,21,4,100,22500
P2045,25,7,100,20000
P2046,25,3,25,20000
P2047,25,6,75,22500
P2048,18,7,75,22500
P2049,25,5,50,20000
P2050,25,6,25,20000
P2051,21,5,75,22500
P2052,25,5,100,22500
P2053,18,4,75,22500
P2054,25,6,25,19500
P2055,18,7,50,20000
P2056,25,6,25,22500
P2057,21,3,50,19500
P2058,18,3,25,19500
P2059,21,3,75,20000
P2060,25,4,25,19500
P2061,18,4,75,22500
P2062,18,5,75,20000
P2063,25,4,75,20000
P2064,18,7,50,20000
P2065,18,6,25,19500
P2066,18,5,50,19500
P2067,21,5,25,19500
P2068,18,7,50,22500
P2069,18,7,75,20000
P2070,18,5,50,19500
P2071,25,4,25,22500
P2072,21,5,75,19500
P2073,25,5,25,19500
P2074,18,3,25,22500
P2075,18,6,50,20000
P2076,21,7,25,22500
P2077,21,4,50,22500
P2078,25,7,50,20000
P2079,25,7,100,22500
P2080,21,6,75,22500
P2081,18,3,100,20000
P2082,21,7,100,19500
P2083,25,7,50,20000
P2084,18,5,75,20000
P2085,25,7,75,20000
P2086,25,3,100,22500
P2087,18,4,25,19500
P2088,25,4,75,19500
P2089,18,5,75,20000
P2090,25,7,50,20000
P2091,25,4,100,22500
P2092,21,4,100,22500
P2093,18,7,25,19500
P2094,25,3,75,19500
P2095,21,5,25,20000
P2096,25,3,25,22500
P2097,18,4,50,20000
P2098,25,6,75,20000
P2099,25,5,25,22500
P2100,18,6,50,22500
P2101,18,6,25,20000
P2102,25,3,50,22500
P2103,21,3,50,19500
P2104,25,3,50,20000
P2105,21,6,100,22500
P2106,18,3,100,19500
P2107,18,5,25,20000
P2108,25,4,100,22500
P2109,18,4,75,20000
P2110,21,3,25,19500
P2111,21,5,75,22500
P2112,25,4,100,20000
P2113,18,3,25,20000
P2114,25,4,75,20000
P2115,18,3,50,22500
P2116,21,7,50,22500
P2117,21,3,50,20000
P2118,25,6,100,20000
P2119,18,5,25,20000
P2120,21,6,50,20000
P2121,21,3,75,19500
P2122,18,5,100,19500
P2123,18,7,75,22500
P2124,21,7,50,19500
P2125,21,4,50,22500
P2126,18,4,25,19500
P2127,21,5,25,19500
P2128,25,6,100,20000
P2129,21,4,100,20000
P2130,25,6,100,20000
P2131,18,3,50,20000
P2132,25,4,75,20000
P2133,18,7,25,20000
P2134,25,5,25,22500
P2135,21,7,50,22500
P2136,18,5,75,19500
P2137,21,6,75,20000
P2138,21,3,50,19500
P2139,21,4,25,22500
P2140,18,4,25,22500
P2141,18,3,75,20000
P2142,25,3,50,22500
P2143,21,5,100,22500
P2144,18,7,100,19500
P2145,25,5,100,20000
P2146,25,7,75,20000
P2147,25,7,50,20000
P2148,21,7,100,19500
P2149,18,6,100,19500
P2150,25,4,75,20000
P2151,25,7,50,19500
P2152,21,6,100,20000
P2153,18,3,75,22500
P2154,18,5,50,22500
P2155,21,5,50,20000
P2156,25,3,25,19500
P2157,18,6,100,19500
P2158,25,6,50,20000
P2159,18,7,100,22500
P2160,18,6,75,22500
P2161,18,5,50,22500
P2162,25,6,75,20000
P2163,21,6,100,22500
P2164,18,5,25,20000
P2165,21,5,25,19500
P2166,25,5,25,20000
P2167,18,6,50,22500
P2168,25,3,25,22500
P2169,25,6,100,19500
P2170,18,3,50,22500
P2171,18,5,100,22500
P2172,21,6,50,22500
P2173,18,6,50,22500
P2174,25,4,100,20000
P2175,25,3,50,20000
P2176,25,4,100,19500
P2177,25,6,50,19500
P2178,25,5,50,19500
P2179,18,3,100,19500
P2180,25,6,50,19500
P2181,18,6,75,22500
P2182,18,3,50,20000
P2183,18,5,25,22500
P2184,25,6,100,22500
P2185,21,4,75,22500
P2186,25,3,25,22500
P2187,21,3,25,19500
P2188,18,6,100,22500
P2189,21,7,25,19500
P2190,21,5,75,20000
P2191,21,5,25,20000
P2192,18,6,50,19500
P2193,25,6,25,19500
P2194,18,4,25,20000
P2195,18,7,75,20000
P2196,25,6,75,20000
P2197,21,6,75,19500
P2198,25,3,75,22500
P2199,18,6,75,20000
P2200,21,3,75,22500
P2201,25,4,75,22500
P2202,25,5,25,19500
P2203,25,3,50,19500
P2204,18,5,50,22500
P2205,21,7,100,20000
P2206,18,5,25,22500
P2207,21,3,25,19500
P2208,25,5,25,22500
P2209,18,3,50,20000
P2210,21,7,50,19500
P2211,18,6,75,22500
P2212,18,3,75,20000
P2213,21,6,25,19500
P2214,18,7,100,20000
P2215,18,3,25,19500
P2216,25,3,75,20000
P2217,25,6,50,22500
P2218,21,3,75,19500
P2219,18,4,25,19500
P2220,21,4,50,19500
P2221,25,4,75,22500
P2222,25,5,100,19500
P2223,25,5,75,22500
P2224,25,7,75,22500
P2225,21,6,100,20000
P2226,18,7,25,22500
P2227,18,4,75,20000
P2228,18,7,25,19500
P2229,25,5,100,20000
P2230,25,3,100,22500
P2231,25,3,25,20000
P2232,18,6,75,20000
P2233,18,7,75,22500
P2234,25,3,50,22500
P2235,21,7,100,19500
P2236,18,6,100,22500
P2237,21,6,100,20000
P2238,21,5,75,19500
P2239,18,5,25,20000
P2240,21,5,100,20000
P2241,21,3,50,22500
P2242,25,5,100,22500
P2243,21,3,75,20000
P2244,18,6,25,22500
P2245,18,3,75,20000
P2246,25,7,25,19500
P2247,18,6,75,20000
P2248,25,6,50,22500
P2249,25,3,75,20000
P2250,18,4,100,20000
P2251,18,6,50,22500
P2252,25,3,75,22500
P2253,25,5,50,20000
P2254,18,3,25,19500
P2255,25,6,50,20000
P2256,18,4,25,22500
P2257,18,7,75,22500
P2258,21,4,25,20000
P2259,21,4,50,19500
P2260,18,5,75,22500
P2261,21,5,50,19500
P2262,25,7,50,20000
P2263,18,5,75,19500
P2264,18,4,50,20000
P2265,25,6,100,19500
P2266,18,4,100,22500
P2267,21,4,100,19500
P2268,18,3,75,20000
P2269,18,3,100,22500
P2270,18,6,100,19500
P2271,25,5,50,20000
P2272,25,7,75,19500
P2273,18,6,25,19500
P2274,18,5,25,22500
P2275,18,7,25,22500
P2276,18,4,100,22500
P2277,18,5,100,20000
P2278,21,7,25,19500
P2279,25,6,75,19500
P2280,25,6,50,22500
P2281,25,5,25,20000
P2282,25,5,100,22500
P2283,18,5,25,22500
P2284,18,4,100,22500
P2285,21,5,100,19500
P2286,21,3,50,22500
P2287,25,6,100,22500
P2288,18,4,100,22500
P2289,18,4,50,20000
P2290,21,4,50,20000
P2291,21,5,25,20000
P2292,18,3,50,22500
P2293,18,6,75,20000
P2294,21,7,75,20000
P2295,25,5,50,22500
P2296,25,3,50,20000
P2297,21,4,100,22500
P2298,21,6,100,20000
P2299,21,4,100,19500
P2300,21,6,50,19500
P2301,18,5,50,22500
P2302,25,7,25,22500
P2303,25,3,50,20000
P2304,21,4,100,22500
P2305,18,3,25,22500
P2306,18,6,50,22500
P2307,18,3,50,20000
P2308,18,4,100,22500
P2309,25,6,25,20000
P2310,21,3,100,22500
P2311,25,5,75,19500
P2312,21,6,100,19500
P2313,25,7,75,19500
P2314,21,5,75,20000
P2315,25,5,75,19500
P2316,21,7,25,22500
P2317,21,7,25,20000
P2318,25,6,100,20000
P2319,18,3,100,22500
P2320,25,7,75,20000
P2321,25,4,50,22500
P2322,21,7,100,22500
P2323,25,5,25,20000
P2324,18,5,50,19500
P2325,21,4,75,20000
P2326,18,5,75,19500
P2327,18,7,25,22500
P2328,25,6,75,22500
P2329,25,5,50,20000
P2330,21,6,50,19500
P2331,21,6,50,20000
P2332,18,7,100,20000
P2333,25,5,50,20000
P2334,18,3,25,20000
P2335,21,5,100,20000
P2336,18,6,25,22500
P2337,21,6,50,20000
P2338,21,4,25,20000
P2339,18,6,50,20000
P2340,21,6,50,19500
P2341,21,7,100,22500
P2342,18,4,50,20000
P2343,25,3,25,22500
P2344,25,5,25,19500
P2345,25,7,100,19500
P2346,25,5,75,22500
P2347,21,7,100,22500
P2348,25,3,25,22500
P2349,25,5,100,20000
P2350,25,6,75,22500
P2351,18,4,100,20000
P2352,21,4,25,22500
P2353,21,6,75,22500
P2354,21,6,50,20000
P2355,18,6,75,20000
P2356,18,5,50,22500
P2357,18,4,100,20000
P2358,21,3,25,20000
P2359,25,7,100,22500
P2360,21,4,25,22500
P2361,25,3,25,19500
P2362,21,4,100,22500
P2363,21,5,50,22500
P2364,21,6,50,19500
P2365,21,4,25,19500
P2366,18,6,75,20000
P2367,25,4,25,22500
P2368,25,4,25,20000
P2369,21,5,100,19500
P2370,21,6,25,19500
P2371,25,6,50,19500
P2372,18,7,25,22500
P2373,18,4,75,19500
P2374,25,4,75,20000
P2375,25,7,100,19500
P2376,25,5,75,20000
P2377,18,4,50,20000
P2378,21,7,100,19500
P2379,21,3,25,19500
P2380,18,7,100,20000
P2381,21,6,100,20000
P2382,18,7,25,19500
P2383,21,4,25,19500
P2384,21,7,50,22500
P2385,21,4,50,22500
P2386,18,5,50,19500
P2387,21,5,100,19500
P2388,25,6,25,19500
P2389,18,6,50,22500
P2390,25,3,100,19500
P2391,25,4,100,19500
P2392,18,5,75,22500
P2393,21,7,25,19500
P2394,21,4,100,22500
P2395,25,6,100,22500
P2396,18,7,50,19500
P2397,25,4,25,22500
P2398,18,3,50,19500
P2399,18,3,75,20000
P2400,25,4,50,19500
P2401,18,7,50,20000
P2402,18,6,100,20000
P2403,21,4,75,22500
P2404,21,4,25,19500
P2405,25,6,50,19500
P2406,25,5,75,20000
P2407,21,6,25,22500
P2408,18,5,75,19500
P2409,25,3,25,22500
P2410,18,6,25,19500
P2411,25,5,50,19500
P2412,21,4,100,22500
P2413,18,6,100,20000
P2414,25,3,100,19500
P2415,18,3,50,20000
P2416,18,7,25,19500
P2417,21,5,75,19500
P2418,21,4,100,22500
P2419,18,4,25,19500
P2420,21,7,25,22500
P2421,21,6,100,19500
P2422,21,7,100,22500
P2423,21,7,25,22500
P2424,18,6,25,19500
P2425,25,5,100,20000
P2426,18,3,100,22500
P2427,21,6,50,19500
P2428,18,7,75,22500
P2429,21,4,50,22500
P2430,25,5,25,22500
P2431,21,4,25,22500
P2432,21,3,100,20000
P2433,18,4,25,20000
P2434,18,7,25,22500
P2435,21,3,100,20000
P2436,25,7,100,22500
P2437,25,3,75,19500
P2438,21,4,50,22500
P2439,25,5,100,20000
P2440,18,4,50,19500
P2441,25,6,75,22500
P2442,25,7,100,20000
P2443,25,6,100,22500
P2444,25,7,100,19500
P2445,21,7,50,22500
P2446,25,3,100,19500
P2447,25,4,50,19500
P2448,21,7,100,20000
P2449,25,3,75,19500
P2450,18,3,25,22500
P2451,21,4,75,20000
P2452,21,6,50,19500
P2453,21,4,25,20000
P2454,21,4,100,19500
P2455,21,7,100,20000
P2456,18,3,50,22500
P2457,18,6,75,20000
P2458,21,7,25,19500
P2459,21,5,100,20000
P2460,18,4,25,19500
P2461,25,4,75,22500
P2462,18,3,50,20000
P2463,25,7,25,20000
P2464,21,7,25,20000
P2465,21,6,25,22500
P2466,18,4,75,22500
P2467,18,5,75,22500
P2468,21,6,25,20000
P2469,25,3,50,20000
P2470,21,3,25,19500
P2471,25,6,75,19500
P2472,21,5,25,22500
P2473,21,5,75,19500
P2474,18,3,100,22500
P2475,21,7,25,20000
P2476,21,3,50,20000
P2477,18,7,50,22500
P2478,25,5,25,19500
P2479,25,4,50,22500
P2480,25,5,25,22500
P2481,25,3,50,22500
P2482,21,3,100,20000
P2483,25,4,50,22500
P2484,18,7,75,19500
P2485,18,7,75,19500
P2486,25,7,75,20000
P2487,25,6,100,19500
P2488,21,3,25,22500
P2489,21,5,25,20000
P2490,18,3,100,19500
P2491,18,6,75,19500
P2492,21,4,100,19500
P2493,25,6,75,20000
P2494,18,7,75,22500
P2495,21,6,25,20000
P2496,21,5,50,22500
P2497,18,4,100,20000
P2498,25,6,50,19500
P2499,25,7,25,20000
P2500,21,7,75,19500
P2501,25,4,50,22500
P2502,18,7,75,19500
P2503,25,3,100,19500
P2504,18,5,25,20000
P2505,21,6,100,19500
P2506,18,3,100,20000
P2507,21,6,100,19500
P2508,25,6,50,19500
P2509,21,3,75,20000
P2510,18,5,50,19500
P2511,18,6,75,19500
P2512,25,7,75,20000
P2513,21,3,50,20000
P2514,25,6,100,19500
P2515,18,3,50,22500
P2516,25,5,100,19500
P2517,25,7,50,22500
P2518,25,6,75,22500
P2519,18,5,25,19500
P2520,21,4,50,20000
P2521,18,5,25,20000
P2522,18,4,25,20000
P2523,25,3,100,22500
P2524,21,7,25,22500
P2525,18,6,100,19500
P2526,18,3,100,22500
P2527,21,7,100,19500
P2528,18,3,25,19500
P2529,25,4,50,19500
P2530,18,6,50,20000
P2531,18,3,75,19500
P2532,21,6,25,20000
P2533,18,5,50,22500
P2534,21,6,75,19500
P2535,18,5,50,22500
P2536,21,4,100,19500
P2537,18,6,75,19500
P2538,18,5,25,19500
P2539,25,4,100,20000
P2540,21,6,50,19500
P2541,25,4,75,20000
P2542,25,6,25,20000
P2543,21,3,25,22500
P2544,18,6,75,19500
P2545,25,6,50,19500
P2546,25,7,25,20000
P2547,21,5,25,20000
P2548,25,4,25,22500
P2549,18,3,100,20000
P2550,21,7,75,20000
P2551,25,3,25,22500
P2552,25,5,25,22500
P2553,18,3,50,20000
P2554,18,7,25,20000
P2555,21,6,75,20000
P2556,25,3,100,22500
P2557,21,3,75,20000
P2558,21,5,100,22500
P2559,21,4,75,19500
P2560,21,3,100,22500
P2561,25,4,75,19500
P2562,21,4,50,19500
P2563,21,4,100,20000
P2564,25,5,25,22500
P2565,21,3,25,20000
P2566,18,7,100,20000
P2567,21,7,25,20000
P2568,21,6,25,19500
P2569,25,7,100,19500
P2570,21,5,50,20000
P2571,21,4,100,20000
P2572,18,6,25,22500
P2573,21,5,100,22500
P2574,21,6,100,22500
P2575,25,7,50,20000
P2576,21,4,50,20000
P2577,25,5,100,20000
P2578,21,6,75,20000
P2579,21,7,75,22500
P2580,21,3,75,22500
P2581,21,4,75,19500
P2582,25,3,50,19500
P2583,25,7,75,22500
P2584,25,3,75,20000
P2585,18,3,75,22500
P2586,21,5,50,19500
P2587,21,4,50,20000
P2588,21,7,50,19500
P2589,25,7,100,22500
P2590,18,3,75,22500
P2591,25,5,75,22500
P2592,21,4,25,22500
P2593,25,3,75,20000
P2594,25,3,75,22500
P2595,21,3,100,20000
P2596,18,5,100,20000
P2597,21,7,100,19500
P2598,18,5,25,19500
P2599,18,4,75,20000
P2600,21,6,50,22500
P2601,21,7,100,19500
P2602,25,6,100,20000
P2603,18,7,100,19500
P2604,21,7,100,22500
P2605,18,4,100,22500
P2606,25,3,50,22500
P2607,21,4,75,19500
P2608,25,7,100,22500
P2609,18,4,75,19500
P2610,25,6,75,20000
P2611,25,5,75,22500
P2612,25,3,50,20000
P2613,21,3,100,22500
P2614,25,3,75,22500
P2615,25,4,50,20000
P2616,25,6,100,19500
P2617,21,4,75,19500
P2618,25,7,100,20000
P2619,21,5,75,20000
P2620,25,3,25,22500
P2621,25,4,100,19500
P2622,25,7,50,22500
P2623,25,3,25,22500
P2624,21,4,75,20000
P2625,21,4,75,22500
P2626,25,7,75,22500
P2627,21,4,75,20000
P2628,21,3,75,20000
P2629,21,5,50,22500
P2630,25,4,25,20000
P2631,25,7,25,22500
P2632,25,3,75,19500
P2633,21,6,50,22500
P2634,18,4,100,20000
P2635,18,4,100,22500
P2636,21,3,50,19500
P2637,18,6,100,22500
P2638,25,6,75,20000
P2639,18,3,100,20000
P2640,21,7,100,22500
P2641,21,3,100,22500
P2642,18,5,75,19500
P2643,25,6,25,22500
P2644,21,4,25,22500
P2645,18,5,100,22500
P2646,18,5,75,19500
P2647,21,7,100,19500
P2648,18,3,50,20000
P2649,25,4,75,20000
P2650,18,5,25,22500
P2651,25,6,100,22500
P2652,18,6,75,19500
P2653,21,6,50,22500
P2654,21,3,50,22500
P2655,18,6,25,22500
P2656,25,4,75,19500
P2657,21,3,50,19500
P2658,21,4,75,22500
P2659,18,3,25,22500
P2660,21,7,25,20000
P2661,18,5,25,20000
P2662,25,5,50,20000
P2663,18,5,75,22500
P2664,21,3,25,20000
P2665,18,7,75,20000
P2666,25,3,75,22500
P2667,21,6,25,19500
P2668,18,3,75,22500
P2669,25,7,75,19500
P2670,21,5,75,20000
P2671,21,3,100,22500
P2672,18,3,100,22500
P2673,21,6,50,20000
P2674,18,5,100,19500
P2675,25,5,25,22500
P2676,18,6,100,22500
P2677,21,3,75,22500
P2678,18,3,25,22500
P2679,18,6,50,20000
P2680,18,3,100,20000
P2681,18,4,50,19500
P2682,21,3,100,22500
P2683,21,5,100,19500
P2684,25,6,100,19500
P2685,25,7,100,20000
P2686,18,5,100,20000
P2687,25,3,100,19500
P2688,21,3,25,22500
P2689,21,7,75,22500
P2690,18,3,100,19500
P2691,18,7,50,19500
P2692,21,3,50,20000
P2693,25,6,50,22500
P2694,25,5,50,20000
P2695,25,3,50,20000
P2696,25,3,100,19500
P2697,25,6,50,22500
P2698,21,7,100,22500
P2699,21,7,50,20000
P2700,21,6,25,22500
P2701,18,5,75,19500
P2702,18,5,100,19500
P2703,21,4,50,19500
P2704,25,4,50,19500
P2705,25,7,25,20000
P2706,25,3,100,22500
P2707,21,7,75,20000
P2708,18,4,50,20000
P2709,25,7,75,19500
P2710,25,7,50,22500
P2711,18,4,100,22500
P2712,21,6,50,22500
P2713,21,7,50,19500
P2714,21,5,50,22500
P2715,18,7,100,20000
P2716,25,7,100,20000
P2717,18,4,75,20000
P2718,21,3,25,22500
P2719,18,5,75,22500
P2720,25,4,75,20000
P2721,21,6,50,22500
P2722,21,3,75,19500
P2723,25,5,100,22500
P2724,18,5,100,22500
P2725,21,3,75,22500
P2726,21,7,100,20000
P2727,18,7,75,20000
P2728,21,3,50,20000
P2729,18,6,75,20000
P2730,18,6,25,19500
P2731,21,3,50,20000
P2732,25,6,50,20000
P2733,21,3,25,20000
P2734,18,7,50,20000
P2735,18,5,100,19500
P2736,21,7,25,22500
P2737,18,6,25,20000
P2738,18,5,100,22500
P2739,25,4,75,19500
P2740,25,6,25,19500
P2741,18,6,75,19500
P2742,25,3,75,19500
P2743,25,3,75,19500
P2744,21,4,75,19500
P2745,18,3,75,20000
P2746,18,5,75,22500
P2747,21,5,100,20000
P2748,18,4,25,22500
P2749,25,4,50,22500
P2750,25,3,50,22500
P2751,25,7,100,20000
P2752,21,6,75,19500
P2753,18,7,25,20000
P2754,18,7,25,20000
P2755,25,6,25,20000
P2756,18,6,50,22500
P2757,25,5,25,22500
P2758,21,6,25,20000
P2759,21,6,50,19500
P2760,21,3,50,19500
P2761,21,4,75,22500
P2762,21,3,100,22500
P2763,21,3,50,22500
P2764,25,7,25,20000
P2765,18,6,100,20000
P2766,21,7,100,22500
P2767,25,5,75,19500
P2768,18,4,25,20000
P2769,21,7,75,19500
P2770,25,7,25,22500
P2771,25,5,25,19500
P2772,21,7,25,19500
P2773,21,3,75,22500
P2774,21,7,25,22500
P2775,25,5,50,19500
P2776,25,3,100,22500
P2777,21,6,75,22500
P2778,21,4,100,20000
P2779,25,7,100,22500
P2780,25,7,75,22500
P2781,18,7,75,20000
P2782,25,3,75,19500
P2783,18,5,50,20000
P2784,21,5,50,19500
P2785,21,7,100,19500
P2786,25,7,100,19500
P2787,25,4,25,22500
P2788,21,4,25,22500
P2789,18,4,75,22500
P2790,21,3,25,19500
P2791,21,6,50,19500
P2792,21,3,25,22500
P2793,18,3,75,19500
P2794,21,3,25,19500
P2795,18,5,100,20000
P2796,25,4,50,22500
P2797,25,4,75,20000
P2798,25,4,25,19500
P2799,25,6,100,19500
P2800,25,7,100,22500
P2801,25,3,75,20000
P2802,18,7,50,20000
P2803,21,5,50,20000
P2804,25,5,100,22500
P2805,21,4,75,22500
P2806,25,4,100,20000
P2807,21,6,100,20000
P2808,25,3,75,20000
P2809,21,6,100,22500
P2810,25,3,25,22500
P2811,21,4,25,22500
P2812,21,4,50,19500
P2813,18,3,25,22500
P2814,18,7,50,19500
P2815,25,3,100,20000
P2816,18,3,50,22500
P2817,25,4,100,20000
P2818,18,6,75,19500
P2819,21,6,100,19500
P2820,25,4,25,22500
P2821,21,5,50,22500
P2822,21,3,25,22500
P2823,25,6,100,22500
P2824,25,3,25,19500
P2825,25,6,100,20000
P2826,21,3,25,22500
P2827,21,3,100,20000
P2828,18,7,25,19500
P2829,21,5,25,19500
P2830,25,4,75,20000
P2831,25,7,25,19500
P2832,25,7,25,19500
P2833,18,4,100,22500
P2834,18,4,75,19500
P2835,21,4,75,22500
P2836,21,7,75,20000
P2837,18,7,25,22500
P2838,25,6,25,22500
P2839,21,4,100,22500
P2840,18,4,100,19500
P2841,18,6,75,19500
P2842,21,5,100,19500
P2843,21,3,100,22500
P2844,21,6,25,22500
P2845,18,3,25,19500
P2846,18,6,50,20000
P2847,25,7,75,22500
P2848,18,5,25,19500
P2849,25,6,50,20000
P2850,18,7,75,20000
P2851,21,6,100,19500
P2852,18,4,50,19500
P2853,21,7,25,19500
P2854,25,6,25,20000
P2855,18,4,50,19500
P2856,18,5,100,20000
P2857,18,6,75,22500
P2858,25,5,25,22500
P2859,25,3,50,20000
P2860,25,6,75,19500
P2861,25,5,50,22500
P2862,25,4,25,19500
P2863,18,3,100,22500
P2864,18,3,75,19500
P2865,18,7,100,19500
P2866,18,7,75,22500
P2867,21,5,50,22500
P2868,25,7,25,22500
P2869,21,6,100,19500
P2870,21,7,50,22500
P2871,21,4,25,20000
P2872,21,4,50,22500
P2873,25,6,75,22500
P2874,25,5,75,19500
P2875,25,5,50,19500
P2876,18,3,50,19500
P2877,18,7,100,22500
P2878,18,7,25,20000
P2879,25,5,50,19500
P2880,21,7,75,19500
P2881,18,7,25,20000
P2882,25,6,75,22500
P2883,25,3,50,19500
P2884,18,4,25,20000
P2885,18,6,100,22500
P2886,18,5,75,20000
P2887,18,6,50,19500
P2888,25,7,100,19500
P2889,18,6,50,20000
P2890,21,7,25,20000
P2891,25,6,25,19500
P2892,21,6,50,20000
P2893,25,5,100,22500
P2894,18,3,75,19500
P2895,21,7,100,19500
P2896,21,7,75,19500
P2897,25,5,25,19500
P2898,21,6,100,20000
P2899,18,4,50,22500
P2900,21,6,25,22500
P2901,21,7,100,20000
P2902,18,6,50,20000
P2903,25,6,75,22500
P2904,25,6,50,22500
P2905,21,5,25,19500
P2906,21,4,75,19500
P2907,21,7,75,22500
P2908,21,3,75,20000
P2909,21,4,25,20000
P2910,18,7,25,19500
P2911,25,6,50,22500
P2912,25,4,75,19500
P2913,18,3,50,19500
P2914,21,5,50,19500
P2915,18,7,100,20000
P2916,25,6,50,20000
P2917,25,5,75,19500
P2918,18,7,50,20000
P2919,25,7,75,20000
P2920,21,7,75,19500
P2921,21,6,75,20000
P2922,21,5,100,19500
P2923,25,4,75,20000
P2924,21,6,100,19500
P2925,18,4,25,20000
P2926,21,5,75,19500
P2927,25,5,25,20000
P2928,21,6,75,22500
P2929,21,5,75,20000
P2930,21,4,50,19500
P2931,25,4,75,19500
P2932,18,3,75,20000
P2933,21,6,100,19500
P2934,25,7,50,19500
P2935,25,6,75,20000
P2936,18,3,100,20000
P2937,18,6,50,20000
P2938,18,3,100,22500
P2939,18,4,100,22500
P2940,25,5,75,22500
P2941,25,5,100,22500
P2942,18,7,100,19500
P2943,25,7,25,19500
P2944,18,3,50,22500
P2945,25,3,50,19500
P2946,18,7,75,22500
P2947,25,5,50,19500
P2948,18,5,25,22500
P2949,25,3,25,22500
P2950,25,5,100,22500
P2951,18,6,50,19500
P2952,18,6,25,19500
P2953,18,3,50,20000
P2954,21,4,50,22500
P2955,25,7,50,22500
P2956,18,6,25,20000
P2957,21,4,75,20000
P2958,18,5,25,22500
P2959,18,4,50,19500
P2960,18,6,50,19500
P2961,18,7,25,19500
P2962,25,5,50,19500
P2963,21,6,100,22500
P2964,18,4,75,22500
P2965,21,6,25,22500
P2966,25,3,50,22500
P2967,18,6,75,20000
P2968,18,6,50,19500
P2969,18,3,75,20000
P2970,25,5,25,19500
P2971,25,4,25,19500
P2972,21,3,75,19500
P2973,25,3,25,22500
P2974,18,3,50,19500
P2975,25,6,75,20000
P2976,21,5,75,19500
P2977,25,6,75,20000
P2978,18,7,25,19500
P2979,25,4,50,20000
P2980,21,6,75,22500
P2981,18,7,50,20000
P2982,25,3,100,22500
P2983,21,6,50,19500
P2984,18,5,75,20000
P2985,21,6,75,19500
P2986,25,3,75,22500
P2987,25,6,75,20000
P2988,18,7,50,20000
P2989,18,3,50,20000
P2990,21,6,75,19500
P2991,25,3,75,22500
P2992,21,5,25,20000
P2993,25,4,100,19500
P2994,21,3,100,19500
P2995,18,4,75,20000
P2996,21,4,100,20000
P2997,25,4,25,20000
P2998,21,6,75,20000
P2999,25,3,25,19500
