EmployeeID,Name,ContributionAmount,Date,PlanID
E1000,Employee_0,581.2,2025-04-11,P1001
E1001,Employee_1,595.12,2025-04-10,P1001
E1002,Employee_2,672.8,2025-04-18,P1001
E1003,Employee_3,1067.55,2025-04-09,P1001
E1004,Employee_4,1171.09,2025-04-18,P1001
E1005,Employee_5,1087.11,2025-04-14,P1001
E1006,Employee_6,495.0,2025-04-03,P1001
E1007,Employee_7,1106.58,2025-04-21,P1001
E1008,Employee_8,1185.87,2025-03-23,P1001
E1009,Employee_9,491.64,2025-04-12,P1001
E1010,Employee_10,796.01,2025-04-07,P1001
E1011,Employee_11,436.73,2025-04-15,P1001
E1012,Employee_12,1236.11,2025-04-18,P1001
E1013,Employee_13,1263.47,2025-04-10,P1001
E1014,Employee_14,681.4,2025-04-15,P1001
E1015,Employee_15,1149.46,2025-04-09,P1001
E1016,Employee_16,997.05,2025-04-07,P1001
E1017,Employee_17,114.56,2025-04-06,P1001
E1018,Employee_18,104.35,2025-04-14,P1001
E1019,Employee_19,1057.19,2025-04-12,P1001
E1020,Employee_20,100.99,2025-03-23,P1001
E1021,Employee_21,1005.38,2025-03-28,P1001
E1022,Employee_22,551.59,2025-04-20,P1001
E1023,Employee_23,1084.45,2025-03-24,P1001
E1024,Employee_24,966.79,2025-04-18,P1001
E1025,Employee_25,856.92,2025-03-29,P1001
E1026,Employee_26,543.76,2025-03-26,P1001
E1027,Employee_27,337.92,2025-04-06,P1001
E1028,Employee_28,629.91,2025-04-19,P1001
E1029,Employee_29,1052.53,2025-04-02,P1001
E1030,Employee_30,298.69,2025-04-14,P1001
E1031,Employee_31,459.05,2025-04-05,P1001
E1032,Employee_32,1225.67,2025-04-06,P1001
E1033,Employee_33,501.87,2025-04-08,P1001
E1034,Employee_34,117.64,2025-03-30,P1001
E1035,Employee_35,880.81,2025-04-10,P1001
E1036,Employee_36,849.95,2025-03-31,P1001
E1037,Employee_37,812.58,2025-03-23,P1001
E1038,Employee_38,491.19,2025-04-17,P1001
E1039,Employee_39,1423.71,2025-04-10,P1001
E1040,Employee_40,469.22,2025-04-07,P1001
E1041,Employee_41,666.94,2025-04-09,P1001
E1042,Employee_42,945.91,2025-03-23,P1001
E1043,Employee_43,437.41,2025-04-22,P1001
E1044,Employee_44,396.39,2025-04-20,P1001
E1045,Employee_45,162.62,2025-04-17,P1001
E1046,Employee_46,972.73,2025-03-29,P1001
E1047,Employee_47,1376.57,2025-03-28,P1001
E1048,Employee_48,1111.11,2025-04-10,P1001
E1049,Employee_49,450.58,2025-04-04,P1001
E1050,Employee_50,1480.41,2025-04-04,P1001
E1051,Employee_51,804.29,2025-03-29,P1001
E1052,Employee_52,1499.22,2025-04-09,P1001
E1053,Employee_53,1372.11,2025-04-22,P1001
E1054,Employee_54,1397.43,2025-03-28,P1001
E1055,Employee_55,1278.82,2025-04-01,P1001
E1056,Employee_56,781.35,2025-04-17,P1001
E1057,Employee_57,282.84,2025-03-27,P1001
E1058,Employee_58,1099.24,2025-03-26,P1001
E1059,Employee_59,1237.01,2025-04-20,P1001
E1060,Employee_60,1395.92,2025-04-09,P1001
E1061,Employee_61,743.77,2025-04-02,P1001
E1062,Employee_62,133.48,2025-03-23,P1001
E1063,Employee_63,1181.34,2025-03-31,P1001
E1064,Employee_64,182.4,2025-03-26,P1001
E1065,Employee_65,476.16,2025-04-17,P1001
E1066,Employee_66,653.82,2025-04-18,P1001
E1067,Employee_67,895.05,2025-03-27,P1001
E1068,Employee_68,1222.35,2025-03-30,P1001
E1069,Employee_69,449.08,2025-04-17,P1001
E1070,Employee_70,619.63,2025-03-25,P1001
E1071,Employee_71,1366.11,2025-03-23,P1001
E1072,Employee_72,1496.68,2025-04-08,P1001
E1073,Employee_73,227.01,2025-04-10,P1001
E1074,Employee_74,536.91,2025-04-06,P1001
E1075,Employee_75,1170.15,2025-04-04,P1001
E1076,Employee_76,649.86,2025-04-21,P1001
E1077,Employee_77,1070.66,2025-04-22,P1001
E1078,Employee_78,267.72,2025-04-14,P1001
E1079,Employee_79,1334.89,2025-03-24,P1001
E1080,Employee_80,1217.14,2025-04-17,P1001
E1081,Employee_81,682.12,2025-04-17,P1001
E1082,Employee_82,1474.77,2025-04-01,P1001
E1083,Employee_83,581.35,2025-03-26,P1001
E1084,Employee_84,949.41,2025-04-09,P1001
E1085,Employee_85,1434.93,2025-04-19,P1001
E1086,Employee_86,1189.71,2025-04-15,P1001
E1087,Employee_87,892.95,2025-04-06,P1001
E1088,Employee_88,931.21,2025-04-02,P1001
E1089,Employee_89,495.48,2025-04-16,P1001
E1090,Employee_90,216.44,2025-04-05,P1001
E1091,Employee_91,875.71,2025-03-26,P1001
E1092,Employee_92,1487.46,2025-04-12,P1001
E1093,Employee_93,588.33,2025-04-12,P1001
E1094,Employee_94,1003.66,2025-04-06,P1001
E1095,Employee_95,153.05,2025-04-01,P1001
E1096,Employee_96,1274.35,2025-03-24,P1001
E1097,Employee_97,954.01,2025-04-15,P1001
E1098,Employee_98,556.36,2025-03-24,P1001
E1099,Employee_99,325.3,2025-04-04,P1001
E1100,Employee_100,1103.95,2025-04-20,P1001
E1101,Employee_101,1444.57,2025-04-15,P1001
E1102,Employee_102,404.84,2025-04-13,P1001
E1103,Employee_103,296.63,2025-04-02,P1001
E1104,Employee_104,123.77,2025-04-10,P1001
E1105,Employee_105,1253.58,2025-04-15,P1001
E1106,Employee_106,389.43,2025-03-31,P1001
E1107,Employee_107,1404.04,2025-03-31,P1001
E1108,Employee_108,935.08,2025-04-02,P1001
E1109,Employee_109,1145.84,2025-03-26,P1001
E1110,Employee_110,392.56,2025-03-29,P1001
E1111,Employee_111,978.12,2025-04-01,P1001
E1112,Employee_112,517.53,2025-03-31,P1001
E1113,Employee_113,570.49,2025-03-31,P1001
E1114,Employee_114,286.23,2025-04-16,P1001
E1115,Employee_115,514.92,2025-04-02,P1001
E1116,Employee_116,444.9,2025-04-20,P1001
E1117,Employee_117,159.39,2025-04-11,P1001
E1118,Employee_118,542.73,2025-04-07,P1001
E1119,Employee_119,623.96,2025-04-06,P1001
E1120,Employee_120,205.46,2025-03-25,P1001
E1121,Employee_121,1492.06,2025-04-21,P1001
E1122,Employee_122,105.74,2025-04-19,P1001
E1123,Employee_123,1316.0,2025-04-13,P1001
E1124,Employee_124,1367.04,2025-03-28,P1001
E1125,Employee_125,531.73,2025-04-19,P1001
E1126,Employee_126,975.56,2025-04-03,P1001
E1127,Employee_127,1197.98,2025-03-30,P1001
E1128,Employee_128,1302.46,2025-03-30,P1001
E1129,Employee_129,108.42,2025-04-21,P1001
E1130,Employee_130,1411.72,2025-04-02,P1001
E1131,Employee_131,550.93,2025-04-07,P1001
E1132,Employee_132,657.44,2025-04-07,P1001
E1133,Employee_133,417.3,2025-04-08,P1001
E1134,Employee_134,849.83,2025-03-25,P1001
E1135,Employee_135,1370.52,2025-04-04,P1001
E1136,Employee_136,1048.97,2025-03-26,P1001
E1137,Employee_137,627.21,2025-03-30,P1001
E1138,Employee_138,766.92,2025-04-17,P1001
E1139,Employee_139,694.16,2025-04-07,P1001
E1140,Employee_140,457.25,2025-04-01,P1001
E1141,Employee_141,1321.7,2025-04-08,P1001
E1142,Employee_142,147.36,2025-03-23,P1001
E1143,Employee_143,1430.19,2025-04-02,P1001
E1144,Employee_144,944.0,2025-03-25,P1001
E1145,Employee_145,295.25,2025-04-01,P1001
E1146,Employee_146,142.45,2025-04-16,P1001
E1147,Employee_147,974.97,2025-04-09,P1001
E1148,Employee_148,1055.01,2025-04-17,P1001
E1149,Employee_149,543.04,2025-03-29,P1001
E1150,Employee_150,1481.68,2025-03-23,P1001
E1151,Employee_151,1471.35,2025-04-17,P1001
E1152,Employee_152,432.92,2025-03-27,P1001
E1153,Employee_153,886.58,2025-04-07,P1001
E1154,Employee_154,1338.94,2025-04-03,P1001
E1155,Employee_155,1417.77,2025-03-25,P1001
E1156,Employee_156,131.78,2025-03-27,P1001
E1157,Employee_157,633.31,2025-04-09,P1001
E1158,Employee_158,167.92,2025-04-12,P1001
E1159,Employee_159,1068.66,2025-04-07,P1001
E1160,Employee_160,275.9,2025-04-06,P1001
E1161,Employee_161,1049.62,2025-04-19,P1001
E1162,Employee_162,407.63,2025-04-09,P1001
E1163,Employee_163,1229.38,2025-04-03,P1001
E1164,Employee_164,943.79,2025-04-05,P1001
E1165,Employee_165,1304.11,2025-04-01,P1001
E1166,Employee_166,236.59,2025-03-28,P1001
E1167,Employee_167,329.26,2025-03-24,P1001
E1168,Employee_168,1105.84,2025-04-06,P1001
E1169,Employee_169,1438.77,2025-04-13,P1001
E1170,Employee_170,828.43,2025-03-23,P1001
E1171,Employee_171,398.74,2025-04-16,P1001
E1172,Employee_172,1412.06,2025-04-16,P1001
E1173,Employee_173,1257.42,2025-04-22,P1001
E1174,Employee_174,648.95,2025-04-20,P1001
E1175,Employee_175,334.54,2025-04-22,P1001
E1176,Employee_176,806.85,2025-04-04,P1001
E1177,Employee_177,632.11,2025-03-26,P1001
E1178,Employee_178,541.42,2025-04-13,P1001
E1179,Employee_179,644.18,2025-04-03,P1001
E1180,Employee_180,196.71,2025-04-20,P1001
E1181,Employee_181,1345.69,2025-04-14,P1001
E1182,Employee_182,574.44,2025-04-06,P1001
E1183,Employee_183,1437.26,2025-04-09,P1001
E1184,Employee_184,1083.63,2025-04-05,P1001
E1185,Employee_185,965.84,2025-04-14,P1001
E1186,Employee_186,814.78,2025-04-04,P1001
E1187,Employee_187,389.48,2025-04-15,P1001
E1188,Employee_188,341.57,2025-04-17,P1001
E1189,Employee_189,765.75,2025-04-18,P1001
E1190,Employee_190,1177.72,2025-04-15,P1001
E1191,Employee_191,269.96,2025-04-21,P1001
E1192,Employee_192,1356.58,2025-03-28,P1001
E1193,Employee_193,748.47,2025-04-04,P1001
E1194,Employee_194,184.18,2025-04-13,P1001
E1195,Employee_195,1017.7,2025-04-10,P1001
E1196,Employee_196,1176.73,2025-04-08,P1001
E1197,Employee_197,1010.85,2025-04-09,P1001
E1198,Employee_198,1126.04,2025-04-12,P1001
E1199,Employee_199,1037.61,2025-04-12,P1001
E1200,Employee_200,953.2,2025-03-25,P1001
E1201,Employee_201,505.27,2025-04-19,P1001
E1202,Employee_202,739.67,2025-03-30,P1001
E1203,Employee_203,352.73,2025-03-30,P1001
E1204,Employee_204,255.77,2025-04-02,P1001
E1205,Employee_205,1068.03,2025-04-14,P1001
E1206,Employee_206,1302.76,2025-04-01,P1001
E1207,Employee_207,554.27,2025-04-02,P1001
E1208,Employee_208,658.12,2025-04-11,P1001
E1209,Employee_209,1354.32,2025-04-02,P1001
E1210,Employee_210,644.41,2025-03-24,P1001
E1211,Employee_211,918.56,2025-04-21,P1001
E1212,Employee_212,111.02,2025-03-27,P1001
E1213,Employee_213,329.76,2025-03-26,P1001
E1214,Employee_214,1191.36,2025-03-24,P1001
E1215,Employee_215,1377.94,2025-03-26,P1001
E1216,Employee_216,921.76,2025-04-11,P1001
E1217,Employee_217,138.4,2025-04-21,P1001
E1218,Employee_218,1037.36,2025-04-18,P1001
E1219,Employee_219,669.43,2025-04-09,P1001
E1220,Employee_220,839.88,2025-03-26,P1001
E1221,Employee_221,440.92,2025-04-18,P1001
E1222,Employee_222,1152.93,2025-04-20,P1001
E1223,Employee_223,1470.48,2025-04-10,P1001
E1224,Employee_224,140.7,2025-04-17,P1001
E1225,Employee_225,147.73,2025-03-29,P1001
E1226,Employee_226,1418.04,2025-04-04,P1001
E1227,Employee_227,789.26,2025-04-10,P1001
E1228,Employee_228,393.95,2025-04-01,P1001
E1229,Employee_229,1320.64,2025-04-19,P1001
E1230,Employee_230,1368.24,2025-04-02,P1001
E1231,Employee_231,233.48,2025-04-15,P1001
E1232,Employee_232,1057.97,2025-04-17,P1001
E1233,Employee_233,799.22,2025-04-15,P1001
E1234,Employee_234,479.64,2025-04-18,P1001
E1235,Employee_235,1135.37,2025-04-09,P1001
E1236,Employee_236,365.92,2025-04-02,P1001
E1237,Employee_237,1210.33,2025-04-13,P1001
E1238,Employee_238,499.18,2025-04-17,P1001
E1239,Employee_239,379.24,2025-04-15,P1001
E1240,Employee_240,1010.86,2025-03-24,P1001
E1241,Employee_241,1461.0,2025-04-14,P1001
E1242,Employee_242,1071.39,2025-04-22,P1001
E1243,Employee_243,1051.57,2025-04-06,P1001
E1244,Employee_244,1414.32,2025-03-30,P1001
E1245,Employee_245,961.73,2025-04-16,P1001
E1246,Employee_246,679.13,2025-04-05,P1001
E1247,Employee_247,717.19,2025-04-12,P1001
E1248,Employee_248,434.64,2025-04-12,P1001
E1249,Employee_249,729.96,2025-04-07,P1001
E1250,Employee_250,727.3,2025-03-28,P1001
E1251,Employee_251,824.4,2025-04-19,P1001
E1252,Employee_252,805.5,2025-04-15,P1001
E1253,Employee_253,496.37,2025-03-25,P1001
E1254,Employee_254,974.63,2025-04-03,P1001
E1255,Employee_255,1344.62,2025-03-27,P1001
E1256,Employee_256,926.82,2025-04-09,P1001
E1257,Employee_257,1193.63,2025-03-29,P1001
E1258,Employee_258,1349.18,2025-04-06,P1001
E1259,Employee_259,114.98,2025-03-30,P1001
E1260,Employee_260,474.88,2025-04-08,P1001
E1261,Employee_261,638.31,2025-04-19,P1001
E1262,Employee_262,487.69,2025-04-07,P1001
E1263,Employee_263,485.85,2025-04-20,P1001
E1264,Employee_264,221.79,2025-04-12,P1001
E1265,Employee_265,108.61,2025-04-21,P1001
E1266,Employee_266,732.99,2025-03-27,P1001
E1267,Employee_267,143.25,2025-04-01,P1001
E1268,Employee_268,335.19,2025-04-10,P1001
E1269,Employee_269,1068.57,2025-04-01,P1001
E1270,Employee_270,1303.71,2025-03-31,P1001
E1271,Employee_271,739.77,2025-04-10,P1001
E1272,Employee_272,572.05,2025-04-13,P1001
E1273,Employee_273,993.54,2025-04-21,P1001
E1274,Employee_274,223.71,2025-04-04,P1001
E1275,Employee_275,1356.8,2025-03-30,P1001
E1276,Employee_276,498.46,2025-04-21,P1001
E1277,Employee_277,789.31,2025-03-28,P1001
E1278,Employee_278,1431.98,2025-04-03,P1001
E1279,Employee_279,1205.56,2025-04-07,P1001
E1280,Employee_280,104.36,2025-04-05,P1001
E1281,Employee_281,1349.62,2025-04-12,P1001
E1282,Employee_282,601.33,2025-04-19,P1001
E1283,Employee_283,942.05,2025-04-20,P1001
E1284,Employee_284,1162.48,2025-04-19,P1001
E1285,Employee_285,1145.52,2025-03-23,P1001
E1286,Employee_286,213.98,2025-03-29,P1001
E1287,Employee_287,597.56,2025-03-23,P1001
E1288,Employee_288,686.66,2025-04-04,P1001
E1289,Employee_289,438.73,2025-04-04,P1001
E1290,Employee_290,1038.92,2025-04-14,P1001
E1291,Employee_291,526.35,2025-03-28,P1001
E1292,Employee_292,679.9,2025-04-09,P1001
E1293,Employee_293,1008.77,2025-04-05,P1001
E1294,Employee_294,1224.95,2025-04-01,P1001
E1295,Employee_295,147.43,2025-04-13,P1001
E1296,Employee_296,1301.85,2025-04-04,P1001
E1297,Employee_297,549.99,2025-03-31,P1001
E1298,Employee_298,134.47,2025-04-02,P1001
E1299,Employee_299,1397.83,2025-03-29,P1001
E1300,Employee_300,419.52,2025-04-22,P1001
E1301,Employee_301,216.59,2025-04-11,P1001
E1302,Employee_302,1259.95,2025-04-18,P1001
E1303,Employee_303,1254.78,2025-03-29,P1001
E1304,Employee_304,1243.61,2025-03-28,P1001
E1305,Employee_305,1396.84,2025-04-10,P1001
E1306,Employee_306,301.55,2025-03-29,P1001
E1307,Employee_307,577.27,2025-04-14,P1001
E1308,Employee_308,1079.89,2025-04-22,P1001
E1309,Employee_309,244.34,2025-04-16,P1001
E1310,Employee_310,1062.3,2025-04-03,P1001
E1311,Employee_311,544.32,2025-04-19,P1001
E1312,Employee_312,295.86,2025-04-14,P1001
E1313,Employee_313,1360.06,2025-04-16,P1001
E1314,Employee_314,855.11,2025-04-17,P1001
E1315,Employee_315,128.08,2025-04-15,P1001
E1316,Employee_316,509.0,2025-03-24,P1001
E1317,Employee_317,620.0,2025-04-19,P1001
E1318,Employee_318,386.08,2025-04-05,P1001
E1319,Employee_319,410.46,2025-04-04,P1001
E1320,Employee_320,290.02,2025-04-13,P1001
E1321,Employee_321,1135.18,2025-03-28,P1001
E1322,Employee_322,368.13,2025-04-19,P1001
E1323,Employee_323,588.61,2025-03-30,P1001
E1324,Employee_324,846.53,2025-03-24,P1001
E1325,Employee_325,421.96,2025-04-21,P1001
E1326,Employee_326,278.51,2025-04-10,P1001
E1327,Employee_327,492.42,2025-03-25,P1001
E1328,Employee_328,1015.17,2025-04-15,P1001
E1329,Employee_329,1199.45,2025-04-15,P1001
E1330,Employee_330,1054.72,2025-04-20,P1001
E1331,Employee_331,1187.46,2025-04-03,P1001
E1332,Employee_332,248.65,2025-03-28,P1001
E1333,Employee_333,263.54,2025-04-18,P1001
E1334,Employee_334,1498.69,2025-04-08,P1001
E1335,Employee_335,356.2,2025-04-12,P1001
E1336,Employee_336,627.65,2025-04-08,P1001
E1337,Employee_337,958.63,2025-04-19,P1001
E1338,Employee_338,823.23,2025-03-27,P1001
E1339,Employee_339,615.89,2025-04-10,P1001
E1340,Employee_340,871.84,2025-04-18,P1001
E1341,Employee_341,1337.6,2025-04-04,P1001
E1342,Employee_342,550.22,2025-03-23,P1001
E1343,Employee_343,984.22,2025-04-20,P1001
E1344,Employee_344,292.55,2025-04-12,P1001
E1345,Employee_345,119.15,2025-04-04,P1001
E1346,Employee_346,467.67,2025-04-07,P1001
E1347,Employee_347,818.07,2025-03-27,P1001
E1348,Employee_348,266.7,2025-03-23,P1001
E1349,Employee_349,1198.16,2025-03-30,P1001
E1350,Employee_350,474.38,2025-04-21,P1001
E1351,Employee_351,347.08,2025-03-25,P1001
E1352,Employee_352,1080.31,2025-03-28,P1001
E1353,Employee_353,395.45,2025-04-11,P1001
E1354,Employee_354,674.82,2025-04-15,P1001
E1355,Employee_355,1111.91,2025-04-04,P1001
E1356,Employee_356,1102.31,2025-04-12,P1001
E1357,Employee_357,593.71,2025-03-27,P1001
E1358,Employee_358,1061.95,2025-04-03,P1001
E1359,Employee_359,810.87,2025-04-04,P1001
E1360,Employee_360,1077.38,2025-04-11,P1001
E1361,Employee_361,141.47,2025-04-03,P1001
E1362,Employee_362,841.25,2025-04-10,P1001
E1363,Employee_363,888.51,2025-03-29,P1001
E1364,Employee_364,964.69,2025-04-20,P1001
E1365,Employee_365,711.74,2025-04-02,P1001
E1366,Employee_366,255.12,2025-03-31,P1001
E1367,Employee_367,540.14,2025-03-24,P1001
E1368,Employee_368,352.9,2025-04-03,P1001
E1369,Employee_369,367.57,2025-04-06,P1001
E1370,Employee_370,508.82,2025-04-15,P1001
E1371,Employee_371,1492.81,2025-04-03,P1001
E1372,Employee_372,1366.75,2025-03-26,P1001
E1373,Employee_373,1318.3,2025-04-16,P1001
E1374,Employee_374,664.9,2025-04-02,P1001
E1375,Employee_375,425.71,2025-04-12,P1001
E1376,Employee_376,967.81,2025-03-27,P1001
E1377,Employee_377,652.81,2025-03-26,P1001
E1378,Employee_378,1049.19,2025-04-21,P1001
E1379,Employee_379,965.23,2025-04-12,P1001
E1380,Employee_380,581.79,2025-03-31,P1001
E1381,Employee_381,1183.77,2025-03-23,P1001
E1382,Employee_382,1481.25,2025-04-15,P1001
E1383,Employee_383,620.27,2025-04-22,P1001
E1384,Employee_384,463.6,2025-04-09,P1001
E1385,Employee_385,1362.4,2025-04-08,P1001
E1386,Employee_386,489.64,2025-04-21,P1001
E1387,Employee_387,1330.91,2025-03-29,P1001
E1388,Employee_388,187.96,2025-04-16,P1001
E1389,Employee_389,1119.76,2025-04-07,P1001
E1390,Employee_390,217.19,2025-04-11,P1001
E1391,Employee_391,256.33,2025-04-21,P1001
E1392,Employee_392,1041.51,2025-04-09,P1001
E1393,Employee_393,251.1,2025-04-17,P1001
E1394,Employee_394,508.97,2025-03-23,P1001
E1395,Employee_395,241.88,2025-04-07,P1001
E1396,Employee_396,1064.16,2025-04-08,P1001
E1397,Employee_397,887.14,2025-04-10,P1001
E1398,Employee_398,247.92,2025-03-25,P1001
E1399,Employee_399,1108.81,2025-04-19,P1001
E1400,Employee_400,618.64,2025-04-09,P1001
E1401,Employee_401,1162.47,2025-04-04,P1001
E1402,Employee_402,485.76,2025-04-22,P1001
E1403,Employee_403,1196.17,2025-04-15,P1001
E1404,Employee_404,1331.77,2025-04-01,P1001
E1405,Employee_405,104.99,2025-03-29,P1001
E1406,Employee_406,859.47,2025-04-06,P1001
E1407,Employee_407,204.45,2025-04-13,P1001
E1408,Employee_408,921.87,2025-04-09,P1001
E1409,Employee_409,858.93,2025-04-14,P1001
E1410,Employee_410,779.03,2025-04-08,P1001
E1411,Employee_411,1474.0,2025-03-30,P1001
E1412,Employee_412,936.0,2025-04-20,P1001
E1413,Employee_413,789.9,2025-04-08,P1001
E1414,Employee_414,1298.91,2025-04-03,P1001
E1415,Employee_415,590.26,2025-03-27,P1001
E1416,Employee_416,245.55,2025-03-31,P1001
E1417,Employee_417,168.25,2025-04-19,P1001
E1418,Employee_418,1171.14,2025-04-20,P1001
E1419,Employee_419,1406.63,2025-04-18,P1001
E1420,Employee_420,519.15,2025-03-30,P1001
E1421,Employee_421,1174.36,2025-04-21,P1001
E1422,Employee_422,455.02,2025-03-29,P1001
E1423,Employee_423,883.97,2025-04-05,P1001
E1424,Employee_424,676.3,2025-04-05,P1001
E1425,Employee_425,941.93,2025-03-27,P1001
E1426,Employee_426,1056.86,2025-04-22,P1001
E1427,Employee_427,660.22,2025-04-16,P1001
E1428,Employee_428,442.15,2025-04-08,P1001
E1429,Employee_429,439.22,2025-04-02,P1001
E1430,Employee_430,973.29,2025-03-23,P1001
E1431,Employee_431,223.41,2025-03-24,P1001
E1432,Employee_432,1376.46,2025-04-05,P1001
E1433,Employee_433,308.57,2025-04-18,P1001
E1434,Employee_434,951.88,2025-04-15,P1001
E1435,Employee_435,434.64,2025-04-19,P1001
E1436,Employee_436,1473.95,2025-04-01,P1001
E1437,Employee_437,328.21,2025-03-30,P1001
E1438,Employee_438,1269.71,2025-04-19,P1001
E1439,Employee_439,1172.27,2025-04-21,P1001
E1440,Employee_440,733.38,2025-04-13,P1001
E1441,Employee_441,821.41,2025-04-04,P1001
E1442,Employee_442,934.63,2025-03-23,P1001
E1443,Employee_443,1041.18,2025-03-25,P1001
E1444,Employee_444,477.53,2025-04-21,P1001
E1445,Employee_445,950.06,2025-03-31,P1001
E1446,Employee_446,453.63,2025-04-05,P1001
E1447,Employee_447,879.91,2025-04-11,P1001
E1448,Employee_448,1334.44,2025-04-20,P1001
E1449,Employee_449,799.13,2025-04-19,P1001
E1450,Employee_450,972.3,2025-04-06,P1001
E1451,Employee_451,284.68,2025-04-05,P1001
E1452,Employee_452,217.88,2025-03-30,P1001
E1453,Employee_453,1318.54,2025-04-22,P1001
E1454,Employee_454,387.6,2025-04-20,P1001
E1455,Employee_455,695.42,2025-04-04,P1001
E1456,Employee_456,1249.88,2025-03-24,P1001
E1457,Employee_457,129.17,2025-04-10,P1001
E1458,Employee_458,1191.14,2025-04-15,P1001
E1459,Employee_459,598.13,2025-04-19,P1001
E1460,Employee_460,702.46,2025-04-17,P1001
E1461,Employee_461,1293.98,2025-04-18,P1001
E1462,Employee_462,1472.39,2025-04-02,P1001
E1463,Employee_463,656.1,2025-04-11,P1001
E1464,Employee_464,1460.91,2025-04-15,P1001
E1465,Employee_465,1479.49,2025-04-05,P1001
E1466,Employee_466,600.78,2025-04-03,P1001
E1467,Employee_467,1101.21,2025-04-17,P1001
E1468,Employee_468,403.63,2025-03-26,P1001
E1469,Employee_469,1332.34,2025-04-08,P1001
E1470,Employee_470,274.63,2025-04-20,P1001
E1471,Employee_471,437.72,2025-03-27,P1001
E1472,Employee_472,165.36,2025-03-30,P1001
E1473,Employee_473,272.79,2025-03-25,P1001
E1474,Employee_474,959.68,2025-04-11,P1001
E1475,Employee_475,101.31,2025-03-25,P1001
E1476,Employee_476,1338.58,2025-04-11,P1001
E1477,Employee_477,1350.38,2025-04-19,P1001
E1478,Employee_478,481.12,2025-04-17,P1001
E1479,Employee_479,323.8,2025-03-29,P1001
E1480,Employee_480,1401.57,2025-03-25,P1001
E1481,Employee_481,762.34,2025-04-04,P1001
E1482,Employee_482,159.37,2025-03-30,P1001
E1483,Employee_483,263.89,2025-04-07,P1001
E1484,Employee_484,819.82,2025-04-06,P1001
E1485,Employee_485,1437.1,2025-03-26,P1001
E1486,Employee_486,781.47,2025-04-13,P1001
E1487,Employee_487,809.61,2025-04-05,P1001
E1488,Employee_488,362.28,2025-04-05,P1001
E1489,Employee_489,639.57,2025-04-05,P1001
E1490,Employee_490,1167.18,2025-04-04,P1001
E1491,Employee_491,824.06,2025-04-04,P1001
E1492,Employee_492,1289.21,2025-04-16,P1001
E1493,Employee_493,1120.69,2025-04-13,P1001
E1494,Employee_494,1417.75,2025-04-16,P1001
E1495,Employee_495,663.11,2025-04-03,P1001
E1496,Employee_496,284.53,2025-04-18,P1001
E1497,Employee_497,444.19,2025-04-16,P1001
E1498,Employee_498,451.79,2025-04-08,P1001
E1499,Employee_499,476.6,2025-04-10,P1001
E1500,Employee_500,1081.18,2025-04-09,P1001
E1501,Employee_501,290.78,2025-04-01,P1001
E1502,Employee_502,361.66,2025-04-07,P1001
E1503,Employee_503,1258.28,2025-04-15,P1001
E1504,Employee_504,1485.32,2025-04-17,P1001
E1505,Employee_505,706.65,2025-03-25,P1001
E1506,Employee_506,1064.95,2025-04-14,P1001
E1507,Employee_507,810.0,2025-04-11,P1001
E1508,Employee_508,712.66,2025-04-04,P1001
E1509,Employee_509,1126.34,2025-03-23,P1001
E1510,Employee_510,1114.16,2025-04-19,P1001
E1511,Employee_511,1069.57,2025-04-15,P1001
E1512,Employee_512,552.3,2025-04-19,P1001
E1513,Employee_513,1002.75,2025-04-05,P1001
E1514,Employee_514,933.16,2025-04-10,P1001
E1515,Employee_515,1234.02,2025-04-09,P1001
E1516,Employee_516,822.43,2025-04-13,P1001
E1517,Employee_517,316.04,2025-04-06,P1001
E1518,Employee_518,1061.79,2025-04-10,P1001
E1519,Employee_519,1148.19,2025-04-18,P1001
E1520,Employee_520,396.69,2025-04-15,P1001
E1521,Employee_521,377.63,2025-03-27,P1001
E1522,Employee_522,273.54,2025-04-20,P1001
E1523,Employee_523,1120.34,2025-04-06,P1001
E1524,Employee_524,282.72,2025-03-23,P1001
E1525,Employee_525,1130.21,2025-03-27,P1001
E1526,Employee_526,556.42,2025-04-08,P1001
E1527,Employee_527,587.68,2025-04-21,P1001
E1528,Employee_528,908.9,2025-03-23,P1001
E1529,Employee_529,945.1,2025-04-20,P1001
E1530,Employee_530,261.64,2025-04-22,P1001
E1531,Employee_531,983.66,2025-03-29,P1001
E1532,Employee_532,1015.77,2025-04-19,P1001
E1533,Employee_533,142.38,2025-04-22,P1001
E1534,Employee_534,1015.38,2025-03-25,P1001
E1535,Employee_535,1267.37,2025-04-22,P1001
E1536,Employee_536,1145.23,2025-04-06,P1001
E1537,Employee_537,1345.08,2025-03-27,P1001
E1538,Employee_538,266.65,2025-04-03,P1001
E1539,Employee_539,948.07,2025-04-12,P1001
E1540,Employee_540,920.84,2025-03-29,P1001
E1541,Employee_541,967.71,2025-03-30,P1001
E1542,Employee_542,317.72,2025-04-15,P1001
E1543,Employee_543,103.47,2025-04-09,P1001
E1544,Employee_544,1400.18,2025-04-19,P1001
E1545,Employee_545,798.4,2025-04-17,P1001
E1546,Employee_546,830.58,2025-04-02,P1001
E1547,Employee_547,885.16,2025-04-19,P1001
E1548,Employee_548,609.3,2025-04-06,P1001
E1549,Employee_549,1367.3,2025-04-22,P1001
E1550,Employee_550,742.96,2025-04-08,P1001
E1551,Employee_551,375.38,2025-04-06,P1001
E1552,Employee_552,879.9,2025-04-09,P1001
E1553,Employee_553,595.68,2025-04-11,P1001
E1554,Employee_554,967.55,2025-03-27,P1001
E1555,Employee_555,1440.16,2025-04-02,P1001
E1556,Employee_556,581.96,2025-03-29,P1001
E1557,Employee_557,1246.37,2025-04-16,P1001
E1558,Employee_558,1001.45,2025-03-25,P1001
E1559,Employee_559,805.14,2025-03-28,P1001
E1560,Employee_560,1227.17,2025-04-11,P1001
E1561,Employee_561,1126.58,2025-03-25,P1001
E1562,Employee_562,960.84,2025-04-04,P1001
E1563,Employee_563,874.29,2025-03-23,P1001
E1564,Employee_564,1028.08,2025-04-12,P1001
E1565,Employee_565,1480.96,2025-03-27,P1001
E1566,Employee_566,500.01,2025-04-11,P1001
E1567,Employee_567,851.96,2025-04-21,P1001
E1568,Employee_568,1166.08,2025-03-30,P1001
E1569,Employee_569,808.3,2025-04-07,P1001
E1570,Employee_570,757.31,2025-04-07,P1001
E1571,Employee_571,720.09,2025-03-27,P1001
E1572,Employee_572,1039.17,2025-03-27,P1001
E1573,Employee_573,1114.52,2025-04-08,P1001
E1574,Employee_574,385.04,2025-04-02,P1001
E1575,Employee_575,725.65,2025-04-22,P1001
E1576,Employee_576,367.79,2025-04-04,P1001
E1577,Employee_577,1468.94,2025-03-30,P1001
E1578,Employee_578,1349.6,2025-03-27,P1001
E1579,Employee_579,1140.87,2025-04-02,P1001
E1580,Employee_580,1342.22,2025-04-19,P1001
E1581,Employee_581,447.79,2025-04-13,P1001
E1582,Employee_582,1445.89,2025-04-14,P1001
E1583,Employee_583,1365.54,2025-04-15,P1001
E1584,Employee_584,150.14,2025-04-20,P1001
E1585,Employee_585,1024.41,2025-04-09,P1001
E1586,Employee_586,598.09,2025-04-09,P1001
E1587,Employee_587,218.11,2025-04-11,P1001
E1588,Employee_588,304.98,2025-04-09,P1001
E1589,Employee_589,524.99,2025-04-16,P1001
E1590,Employee_590,1117.25,2025-03-23,P1001
E1591,Employee_591,734.23,2025-04-22,P1001
E1592,Employee_592,164.46,2025-04-11,P1001
E1593,Employee_593,108.82,2025-03-31,P1001
E1594,Employee_594,464.9,2025-04-09,P1001
E1595,Employee_595,1375.91,2025-03-25,P1001
E1596,Employee_596,745.51,2025-04-14,P1001
E1597,Employee_597,1329.86,2025-04-03,P1001
E1598,Employee_598,685.35,2025-04-15,P1001
E1599,Employee_599,183.87,2025-03-27,P1001
E1600,Employee_600,159.31,2025-03-27,P1001
E1601,Employee_601,1314.39,2025-03-26,P1001
E1602,Employee_602,1154.87,2025-03-25,P1001
E1603,Employee_603,909.31,2025-03-27,P1001
E1604,Employee_604,302.41,2025-04-21,P1001
E1605,Employee_605,166.42,2025-04-07,P1001
E1606,Employee_606,320.49,2025-03-28,P1001
E1607,Employee_607,443.92,2025-04-06,P1001
E1608,Employee_608,492.56,2025-03-23,P1001
E1609,Employee_609,160.34,2025-04-19,P1001
E1610,Employee_610,876.68,2025-03-30,P1001
E1611,Employee_611,699.21,2025-04-05,P1001
E1612,Employee_612,492.61,2025-03-27,P1001
E1613,Employee_613,1176.38,2025-03-27,P1001
E1614,Employee_614,1459.08,2025-04-08,P1001
E1615,Employee_615,583.94,2025-04-18,P1001
E1616,Employee_616,664.53,2025-04-18,P1001
E1617,Employee_617,566.98,2025-04-07,P1001
E1618,Employee_618,712.92,2025-04-18,P1001
E1619,Employee_619,273.34,2025-04-09,P1001
E1620,Employee_620,872.18,2025-03-31,P1001
E1621,Employee_621,667.75,2025-04-16,P1001
E1622,Employee_622,845.5,2025-04-07,P1001
E1623,Employee_623,1334.02,2025-04-20,P1001
E1624,Employee_624,318.81,2025-04-08,P1001
E1625,Employee_625,147.03,2025-03-23,P1001
E1626,Employee_626,1348.04,2025-03-28,P1001
E1627,Employee_627,179.7,2025-04-12,P1001
E1628,Employee_628,612.17,2025-03-27,P1001
E1629,Employee_629,1079.82,2025-04-07,P1001
E1630,Employee_630,480.49,2025-04-18,P1001
E1631,Employee_631,895.57,2025-04-12,P1001
E1632,Employee_632,1473.83,2025-04-07,P1001
E1633,Employee_633,1399.61,2025-04-12,P1001
E1634,Employee_634,944.18,2025-04-16,P1001
E1635,Employee_635,1423.65,2025-03-26,P1001
E1636,Employee_636,716.57,2025-04-02,P1001
E1637,Employee_637,1081.11,2025-04-02,P1001
E1638,Employee_638,918.71,2025-03-26,P1001
E1639,Employee_639,789.78,2025-03-28,P1001
E1640,Employee_640,844.63,2025-04-14,P1001
E1641,Employee_641,1362.67,2025-04-11,P1001
E1642,Employee_642,751.02,2025-03-27,P1001
E1643,Employee_643,371.73,2025-04-15,P1001
E1644,Employee_644,776.83,2025-03-27,P1001
E1645,Employee_645,179.98,2025-03-30,P1001
E1646,Employee_646,1119.73,2025-03-25,P1001
E1647,Employee_647,132.71,2025-04-17,P1001
E1648,Employee_648,1041.4,2025-04-19,P1001
E1649,Employee_649,714.19,2025-03-24,P1001
E1650,Employee_650,838.17,2025-04-16,P1001
E1651,Employee_651,257.12,2025-04-15,P1001
E1652,Employee_652,1468.58,2025-04-22,P1001
E1653,Employee_653,1454.73,2025-03-26,P1001
E1654,Employee_654,1208.41,2025-04-02,P1001
E1655,Employee_655,1002.51,2025-03-24,P1001
E1656,Employee_656,937.66,2025-04-02,P1001
E1657,Employee_657,1366.61,2025-04-04,P1001
E1658,Employee_658,1236.38,2025-03-25,P1001
E1659,Employee_659,703.81,2025-03-31,P1001
E1660,Employee_660,1330.05,2025-04-06,P1001
E1661,Employee_661,339.59,2025-03-27,P1001
E1662,Employee_662,134.53,2025-04-12,P1001
E1663,Employee_663,171.08,2025-03-29,P1001
E1664,Employee_664,519.98,2025-04-15,P1001
E1665,Employee_665,1050.73,2025-04-03,P1001
E1666,Employee_666,537.21,2025-03-28,P1001
E1667,Employee_667,1249.44,2025-04-19,P1001
E1668,Employee_668,284.58,2025-04-14,P1001
E1669,Employee_669,389.86,2025-03-27,P1001
E1670,Employee_670,294.74,2025-03-25,P1001
E1671,Employee_671,535.51,2025-03-26,P1001
E1672,Employee_672,869.56,2025-04-12,P1001
E1673,Employee_673,756.42,2025-04-21,P1001
E1674,Employee_674,1420.97,2025-04-17,P1001
E1675,Employee_675,471.27,2025-04-07,P1001
E1676,Employee_676,474.5,2025-03-28,P1001
E1677,Employee_677,861.3,2025-03-26,P1001
E1678,Employee_678,983.25,2025-04-18,P1001
E1679,Employee_679,1484.39,2025-04-05,P1001
E1680,Employee_680,189.9,2025-04-09,P1001
E1681,Employee_681,800.8,2025-04-11,P1001
E1682,Employee_682,442.62,2025-03-31,P1001
E1683,Employee_683,172.68,2025-03-24,P1001
E1684,Employee_684,1367.7,2025-03-29,P1001
E1685,Employee_685,504.59,2025-03-29,P1001
E1686,Employee_686,1285.92,2025-03-24,P1001
E1687,Employee_687,1025.01,2025-04-11,P1001
E1688,Employee_688,1448.99,2025-03-23,P1001
E1689,Employee_689,390.22,2025-04-13,P1001
E1690,Employee_690,637.59,2025-04-13,P1001
E1691,Employee_691,259.19,2025-04-04,P1001
E1692,Employee_692,580.29,2025-03-29,P1001
E1693,Employee_693,1373.35,2025-04-12,P1001
E1694,Employee_694,761.44,2025-04-02,P1001
E1695,Employee_695,246.3,2025-04-09,P1001
E1696,Employee_696,854.77,2025-04-01,P1001
E1697,Employee_697,550.44,2025-03-27,P1001
E1698,Employee_698,898.16,2025-03-25,P1001
E1699,Employee_699,1430.95,2025-03-31,P1001
E1700,Employee_700,152.86,2025-03-27,P1001
E1701,Employee_701,694.56,2025-04-05,P1001
E1702,Employee_702,1278.04,2025-04-13,P1001
E1703,Employee_703,1275.53,2025-03-27,P1001
E1704,Employee_704,1244.32,2025-04-01,P1001
E1705,Employee_705,1042.58,2025-03-31,P1001
E1706,Employee_706,826.36,2025-04-04,P1001
E1707,Employee_707,597.99,2025-04-03,P1001
E1708,Employee_708,413.13,2025-04-06,P1001
E1709,Employee_709,1083.02,2025-04-08,P1001
E1710,Employee_710,427.85,2025-04-06,P1001
E1711,Employee_711,933.13,2025-04-01,P1001
E1712,Employee_712,1225.5,2025-03-29,P1001
E1713,Employee_713,804.18,2025-04-20,P1001
E1714,Employee_714,957.8,2025-04-21,P1001
E1715,Employee_715,832.72,2025-04-18,P1001
E1716,Employee_716,1217.63,2025-04-17,P1001
E1717,Employee_717,436.67,2025-04-08,P1001
E1718,Employee_718,428.11,2025-03-27,P1001
E1719,Employee_719,1475.35,2025-04-02,P1001
E1720,Employee_720,641.13,2025-04-12,P1001
E1721,Employee_721,557.3,2025-04-15,P1001
E1722,Employee_722,1002.47,2025-04-18,P1001
E1723,Employee_723,719.67,2025-04-18,P1001
E1724,Employee_724,980.32,2025-04-11,P1001
E1725,Employee_725,1256.94,2025-04-16,P1001
E1726,Employee_726,459.16,2025-03-30,P1001
E1727,Employee_727,234.35,2025-04-06,P1001
E1728,Employee_728,284.82,2025-04-21,P1001
E1729,Employee_729,1352.88,2025-03-27,P1001
E1730,Employee_730,789.26,2025-04-13,P1001
E1731,Employee_731,595.48,2025-03-27,P1001
E1732,Employee_732,120.0,2025-03-23,P1001
E1733,Employee_733,892.58,2025-04-14,P1001
E1734,Employee_734,239.29,2025-04-15,P1001
E1735,Employee_735,206.19,2025-04-02,P1001
E1736,Employee_736,828.43,2025-04-14,P1001
E1737,Employee_737,424.94,2025-04-09,P1001
E1738,Employee_738,1138.06,2025-04-02,P1001
E1739,Employee_739,1467.03,2025-03-25,P1001
E1740,Employee_740,404.73,2025-04-21,P1001
E1741,Employee_741,1304.34,2025-04-01,P1001
E1742,Employee_742,354.03,2025-04-21,P1001
E1743,Employee_743,390.91,2025-04-14,P1001
E1744,Employee_744,458.82,2025-03-28,P1001
E1745,Employee_745,1450.34,2025-04-05,P1001
E1746,Employee_746,502.85,2025-04-03,P1001
E1747,Employee_747,716.45,2025-04-20,P1001
E1748,Employee_748,964.57,2025-04-03,P1001
E1749,Employee_749,1213.2,2025-04-16,P1001
E1750,Employee_750,805.59,2025-04-16,P1001
E1751,Employee_751,1079.6,2025-04-22,P1001
E1752,Employee_752,918.61,2025-04-18,P1001
E1753,Employee_753,1016.93,2025-04-14,P1001
E1754,Employee_754,650.28,2025-04-09,P1001
E1755,Employee_755,1402.5,2025-04-18,P1001
E1756,Employee_756,148.94,2025-03-24,P1001
E1757,Employee_757,916.75,2025-03-25,P1001
E1758,Employee_758,1107.29,2025-04-22,P1001
E1759,Employee_759,252.1,2025-03-25,P1001
E1760,Employee_760,1391.65,2025-04-16,P1001
E1761,Employee_761,1495.34,2025-04-19,P1001
E1762,Employee_762,1172.84,2025-04-18,P1001
E1763,Employee_763,177.3,2025-04-02,P1001
E1764,Employee_764,869.55,2025-03-28,P1001
E1765,Employee_765,1204.67,2025-03-26,P1001
E1766,Employee_766,1004.96,2025-04-05,P1001
E1767,Employee_767,621.09,2025-04-07,P1001
E1768,Employee_768,1328.51,2025-04-01,P1001
E1769,Employee_769,886.61,2025-03-24,P1001
E1770,Employee_770,895.84,2025-04-02,P1001
E1771,Employee_771,491.49,2025-03-25,P1001
E1772,Employee_772,963.82,2025-04-20,P1001
E1773,Employee_773,1350.49,2025-03-30,P1001
E1774,Employee_774,167.99,2025-04-02,P1001
E1775,Employee_775,901.91,2025-04-12,P1001
E1776,Employee_776,1346.13,2025-04-16,P1001
E1777,Employee_777,164.79,2025-04-15,P1001
E1778,Employee_778,408.06,2025-04-07,P1001
E1779,Employee_779,536.04,2025-04-05,P1001
E1780,Employee_780,260.47,2025-04-13,P1001
E1781,Employee_781,973.87,2025-03-30,P1001
E1782,Employee_782,380.75,2025-04-10,P1001
E1783,Employee_783,1271.85,2025-04-08,P1001
E1784,Employee_784,1255.41,2025-03-28,P1001
E1785,Employee_785,948.96,2025-04-07,P1001
E1786,Employee_786,798.9,2025-04-03,P1001
E1787,Employee_787,426.05,2025-04-19,P1001
E1788,Employee_788,1189.14,2025-03-30,P1001
E1789,Employee_789,170.48,2025-04-05,P1001
E1790,Employee_790,327.14,2025-04-10,P1001
E1791,Employee_791,1132.45,2025-04-15,P1001
E1792,Employee_792,170.1,2025-04-12,P1001
E1793,Employee_793,1250.34,2025-04-19,P1001
E1794,Employee_794,810.97,2025-04-02,P1001
E1795,Employee_795,366.78,2025-04-01,P1001
E1796,Employee_796,666.71,2025-04-13,P1001
E1797,Employee_797,192.19,2025-04-08,P1001
E1798,Employee_798,1279.65,2025-04-05,P1001
E1799,Employee_799,710.96,2025-04-20,P1001
E1800,Employee_800,404.31,2025-04-10,P1001
E1801,Employee_801,231.11,2025-04-21,P1001
E1802,Employee_802,1419.22,2025-04-08,P1001
E1803,Employee_803,725.95,2025-04-21,P1001
E1804,Employee_804,810.8,2025-04-13,P1001
E1805,Employee_805,573.62,2025-04-10,P1001
E1806,Employee_806,107.37,2025-04-16,P1001
E1807,Employee_807,587.59,2025-04-10,P1001
E1808,Employee_808,1298.73,2025-04-11,P1001
E1809,Employee_809,696.9,2025-03-28,P1001
E1810,Employee_810,1457.93,2025-04-18,P1001
E1811,Employee_811,712.62,2025-03-29,P1001
E1812,Employee_812,769.69,2025-04-07,P1001
E1813,Employee_813,1127.93,2025-03-28,P1001
E1814,Employee_814,342.85,2025-03-31,P1001
E1815,Employee_815,343.09,2025-03-26,P1001
E1816,Employee_816,992.01,2025-04-02,P1001
E1817,Employee_817,284.33,2025-04-09,P1001
E1818,Employee_818,438.11,2025-04-07,P1001
E1819,Employee_819,445.43,2025-04-21,P1001
E1820,Employee_820,948.13,2025-04-03,P1001
E1821,Employee_821,1374.75,2025-04-22,P1001
E1822,Employee_822,235.86,2025-03-29,P1001
E1823,Employee_823,1083.78,2025-04-07,P1001
E1824,Employee_824,153.85,2025-04-04,P1001
E1825,Employee_825,268.69,2025-03-27,P1001
E1826,Employee_826,1445.99,2025-03-29,P1001
E1827,Employee_827,1366.73,2025-04-17,P1001
E1828,Employee_828,193.0,2025-03-27,P1001
E1829,Employee_829,570.57,2025-04-08,P1001
E1830,Employee_830,722.59,2025-04-01,P1001
E1831,Employee_831,1446.36,2025-04-14,P1001
E1832,Employee_832,360.42,2025-04-14,P1001
E1833,Employee_833,1428.8,2025-04-17,P1001
E1834,Employee_834,232.81,2025-04-12,P1001
E1835,Employee_835,857.99,2025-04-14,P1001
E1836,Employee_836,345.8,2025-04-20,P1001
E1837,Employee_837,1440.96,2025-04-20,P1001
E1838,Employee_838,944.37,2025-04-20,P1001
E1839,Employee_839,1052.13,2025-04-02,P1001
E1840,Employee_840,1351.57,2025-03-25,P1001
E1841,Employee_841,1229.18,2025-04-09,P1001
E1842,Employee_842,842.1,2025-04-01,P1001
E1843,Employee_843,1061.22,2025-04-10,P1001
E1844,Employee_844,324.23,2025-03-24,P1001
E1845,Employee_845,1347.92,2025-04-11,P1001
E1846,Employee_846,1139.21,2025-04-17,P1001
E1847,Employee_847,1271.85,2025-04-17,P1001
E1848,Employee_848,524.82,2025-03-24,P1001
E1849,Employee_849,1325.53,2025-04-09,P1001
E1850,Employee_850,1054.6,2025-04-16,P1001
E1851,Employee_851,191.2,2025-04-21,P1001
E1852,Employee_852,200.77,2025-04-14,P1001
E1853,Employee_853,1184.19,2025-04-16,P1001
E1854,Employee_854,188.48,2025-03-27,P1001
E1855,Employee_855,923.93,2025-03-30,P1001
E1856,Employee_856,152.18,2025-03-23,P1001
E1857,Employee_857,362.11,2025-04-22,P1001
E1858,Employee_858,253.68,2025-04-20,P1001
E1859,Employee_859,986.38,2025-04-13,P1001
E1860,Employee_860,847.97,2025-03-29,P1001
E1861,Employee_861,309.29,2025-03-27,P1001
E1862,Employee_862,968.99,2025-04-16,P1001
E1863,Employee_863,1299.68,2025-04-11,P1001
E1864,Employee_864,1000.1,2025-04-22,P1001
E1865,Employee_865,605.0,2025-04-11,P1001
E1866,Employee_866,1463.65,2025-04-21,P1001
E1867,Employee_867,681.59,2025-03-31,P1001
E1868,Employee_868,1002.45,2025-03-28,P1001
E1869,Employee_869,812.29,2025-04-21,P1001
E1870,Employee_870,1386.75,2025-04-22,P1001
E1871,Employee_871,1480.76,2025-03-27,P1001
E1872,Employee_872,149.2,2025-04-19,P1001
E1873,Employee_873,382.22,2025-04-01,P1001
E1874,Employee_874,998.86,2025-03-30,P1001
E1875,Employee_875,734.86,2025-04-08,P1001
E1876,Employee_876,313.52,2025-04-21,P1001
E1877,Employee_877,880.16,2025-04-01,P1001
E1878,Employee_878,283.86,2025-03-26,P1001
E1879,Employee_879,1312.76,2025-04-17,P1001
E1880,Employee_880,1196.66,2025-04-15,P1001
E1881,Employee_881,1455.07,2025-03-29,P1001
E1882,Employee_882,922.37,2025-03-29,P1001
E1883,Employee_883,903.22,2025-04-11,P1001
E1884,Employee_884,1290.66,2025-04-14,P1001
E1885,Employee_885,1090.5,2025-04-10,P1001
E1886,Employee_886,419.35,2025-04-01,P1001
E1887,Employee_887,720.82,2025-04-22,P1001
E1888,Employee_888,235.48,2025-04-12,P1001
E1889,Employee_889,126.74,2025-04-04,P1001
E1890,Employee_890,1191.75,2025-04-18,P1001
E1891,Employee_891,546.47,2025-04-05,P1001
E1892,Employee_892,267.81,2025-04-01,P1001
E1893,Employee_893,1182.46,2025-04-08,P1001
E1894,Employee_894,1415.16,2025-04-14,P1001
E1895,Employee_895,301.89,2025-04-06,P1001
E1896,Employee_896,637.97,2025-03-27,P1001
E1897,Employee_897,1020.12,2025-03-27,P1001
E1898,Employee_898,1479.93,2025-03-26,P1001
E1899,Employee_899,1485.56,2025-03-27,P1001
E1900,Employee_900,1356.75,2025-04-09,P1001
E1901,Employee_901,524.68,2025-04-05,P1001
E1902,Employee_902,368.22,2025-03-28,P1001
E1903,Employee_903,897.47,2025-04-07,P1001
E1904,Employee_904,419.52,2025-03-28,P1001
E1905,Employee_905,511.5,2025-04-08,P1001
E1906,Employee_906,1294.34,2025-04-08,P1001
E1907,Employee_907,478.39,2025-04-07,P1001
E1908,Employee_908,523.85,2025-04-11,P1001
E1909,Employee_909,1036.55,2025-03-26,P1001
E1910,Employee_910,677.72,2025-04-02,P1001
E1911,Employee_911,820.87,2025-03-28,P1001
E1912,Employee_912,276.76,2025-03-27,P1001
E1913,Employee_913,298.19,2025-04-20,P1001
E1914,Employee_914,1031.21,2025-04-01,P1001
E1915,Employee_915,637.83,2025-04-22,P1001
E1916,Employee_916,1141.02,2025-04-07,P1001
E1917,Employee_917,283.99,2025-04-17,P1001
E1918,Employee_918,900.66,2025-04-10,P1001
E1919,Employee_919,1032.53,2025-04-02,P1001
E1920,Employee_920,124.67,2025-03-27,P1001
E1921,Employee_921,1349.82,2025-03-23,P1001
E1922,Employee_922,1445.5,2025-04-12,P1001
E1923,Employee_923,510.78,2025-04-06,P1001
E1924,Employee_924,504.74,2025-03-23,P1001
E1925,Employee_925,967.69,2025-04-13,P1001
E1926,Employee_926,127.19,2025-03-29,P1001
E1927,Employee_927,1421.84,2025-03-23,P1001
E1928,Employee_928,352.39,2025-04-11,P1001
E1929,Employee_929,1333.05,2025-04-18,P1001
E1930,Employee_930,1147.49,2025-04-06,P1001
E1931,Employee_931,930.05,2025-04-14,P1001
E1932,Employee_932,181.08,2025-04-14,P1001
E1933,Employee_933,107.54,2025-04-18,P1001
E1934,Employee_934,1140.51,2025-04-15,P1001
E1935,Employee_935,780.78,2025-03-24,P1001
E1936,Employee_936,748.63,2025-04-11,P1001
E1937,Employee_937,1335.26,2025-03-23,P1001
E1938,Employee_938,1252.74,2025-04-19,P1001
E1939,Employee_939,787.21,2025-04-04,P1001
E1940,Employee_940,124.17,2025-04-21,P1001
E1941,Employee_941,610.1,2025-03-28,P1001
E1942,Employee_942,1245.87,2025-03-23,P1001
E1943,Employee_943,475.09,2025-04-12,P1001
E1944,Employee_944,388.55,2025-04-01,P1001
E1945,Employee_945,1218.59,2025-03-27,P1001
E1946,Employee_946,649.73,2025-03-29,P1001
E1947,Employee_947,1419.25,2025-03-26,P1001
E1948,Employee_948,501.27,2025-03-23,P1001
E1949,Employee_949,1253.01,2025-04-03,P1001
E1950,Employee_950,1149.8,2025-04-07,P1001
E1951,Employee_951,1197.71,2025-04-09,P1001
E1952,Employee_952,925.38,2025-04-21,P1001
E1953,Employee_953,929.18,2025-04-01,P1001
E1954,Employee_954,240.14,2025-04-17,P1001
E1955,Employee_955,160.54,2025-03-25,P1001
E1956,Employee_956,1498.72,2025-04-17,P1001
E1957,Employee_957,756.76,2025-04-11,P1001
E1958,Employee_958,176.04,2025-03-31,P1001
E1959,Employee_959,1066.31,2025-04-03,P1001
E1960,Employee_960,666.72,2025-03-27,P1001
E1961,Employee_961,198.07,2025-04-13,P1001
E1962,Employee_962,628.54,2025-04-14,P1001
E1963,Employee_963,939.71,2025-04-22,P1001
E1964,Employee_964,802.06,2025-03-23,P1001
E1965,Employee_965,1026.16,2025-04-20,P1001
E1966,Employee_966,942.2,2025-04-10,P1001
E1967,Employee_967,1420.85,2025-04-03,P1001
E1968,Employee_968,1292.08,2025-04-22,P1001
E1969,Employee_969,911.59,2025-04-19,P1001
E1970,Employee_970,244.57,2025-04-03,P1001
E1971,Employee_971,1247.61,2025-04-22,P1001
E1972,Employee_972,1043.06,2025-04-19,P1001
E1973,Employee_973,548.19,2025-03-30,P1001
E1974,Employee_974,1387.64,2025-03-25,P1001
E1975,Employee_975,141.6,2025-04-01,P1001
E1976,Employee_976,1289.44,2025-04-22,P1001
E1977,Employee_977,1315.56,2025-04-11,P1001
E1978,Employee_978,284.52,2025-04-01,P1001
E1979,Employee_979,1357.39,2025-04-18,P1001
E1980,Employee_980,822.81,2025-04-12,P1001
E1981,Employee_981,356.93,2025-04-14,P1001
E1982,Employee_982,643.44,2025-04-15,P1001
E1983,Employee_983,1460.62,2025-03-23,P1001
E1984,Employee_984,306.25,2025-03-23,P1001
E1985,Employee_985,624.73,2025-03-31,P1001
E1986,Employee_986,1050.62,2025-04-19,P1001
E1987,Employee_987,232.52,2025-04-21,P1001
E1988,Employee_988,1248.63,2025-03-26,P1001
E1989,Employee_989,383.14,2025-03-23,P1001
E1990,Employee_990,1317.06,2025-04-12,P1001
E1991,Employee_991,752.11,2025-04-08,P1001
E1992,Employee_992,855.6,2025-04-19,P1001
E1993,Employee_993,789.33,2025-04-10,P1001
E1994,Employee_994,286.88,2025-04-14,P1001
E1995,Employee_995,901.08,2025-04-22,P1001
E1996,Employee_996,1191.19,2025-04-16,P1001
E1997,Employee_997,1140.77,2025-04-05,P1001
E1998,Employee_998,116.65,2025-04-22,P1001
E1999,Employee_999,1278.78,2025-04-15,P1001
E2000,Employee_1000,1355.66,2025-04-05,P1001
E2001,Employee_1001,1376.92,2025-04-21,P1001
E2002,Employee_1002,196.42,2025-04-17,P1001
E2003,Employee_1003,1458.44,2025-03-25,P1001
E2004,Employee_1004,865.99,2025-04-21,P1001
E2005,Employee_1005,1355.01,2025-04-06,P1001
E2006,Employee_1006,1214.78,2025-04-15,P1001
E2007,Employee_1007,618.06,2025-04-22,P1001
E2008,Employee_1008,1088.73,2025-03-30,P1001
E2009,Employee_1009,618.17,2025-04-04,P1001
E2010,Employee_1010,898.44,2025-04-20,P1001
E2011,Employee_1011,704.29,2025-04-08,P1001
E2012,Employee_1012,131.31,2025-03-26,P1001
E2013,Employee_1013,426.41,2025-04-10,P1001
E2014,Employee_1014,1172.08,2025-04-15,P1001
E2015,Employee_1015,242.36,2025-04-02,P1001
E2016,Employee_1016,146.07,2025-04-16,P1001
E2017,Employee_1017,1334.97,2025-03-24,P1001
E2018,Employee_1018,386.39,2025-03-23,P1001
E2019,Employee_1019,955.23,2025-04-02,P1001
E2020,Employee_1020,998.16,2025-04-19,P1001
E2021,Employee_1021,357.45,2025-03-25,P1001
E2022,Employee_1022,709.25,2025-04-17,P1001
E2023,Employee_1023,339.19,2025-04-08,P1001
E2024,Employee_1024,606.79,2025-04-21,P1001
E2025,Employee_1025,1161.42,2025-04-06,P1001
E2026,Employee_1026,846.34,2025-03-24,P1001
E2027,Employee_1027,915.27,2025-03-30,P1001
E2028,Employee_1028,1001.64,2025-04-05,P1001
E2029,Employee_1029,876.07,2025-04-05,P1001
E2030,Employee_1030,501.47,2025-03-30,P1001
E2031,Employee_1031,834.64,2025-03-24,P1001
E2032,Employee_1032,728.75,2025-04-11,P1001
E2033,Employee_1033,660.1,2025-04-11,P1001
E2034,Employee_1034,177.1,2025-04-03,P1001
E2035,Employee_1035,1098.23,2025-04-05,P1001
E2036,Employee_1036,974.26,2025-04-02,P1001
E2037,Employee_1037,317.08,2025-04-11,P1001
E2038,Employee_1038,591.96,2025-03-30,P1001
E2039,Employee_1039,1035.6,2025-03-24,P1001
E2040,Employee_1040,1369.13,2025-04-21,P1001
E2041,Employee_1041,250.65,2025-03-30,P1001
E2042,Employee_1042,1006.33,2025-04-16,P1001
E2043,Employee_1043,1145.5,2025-04-05,P1001
E2044,Employee_1044,870.0,2025-03-27,P1001
E2045,Employee_1045,773.76,2025-04-02,P1001
E2046,Employee_1046,1379.9,2025-04-16,P1001
E2047,Employee_1047,518.57,2025-04-09,P1001
E2048,Employee_1048,353.96,2025-03-25,P1001
E2049,Employee_1049,1144.85,2025-04-16,P1001
E2050,Employee_1050,468.3,2025-03-30,P1001
E2051,Employee_1051,318.49,2025-04-08,P1001
E2052,Employee_1052,1337.12,2025-04-13,P1001
E2053,Employee_1053,146.09,2025-04-20,P1001
E2054,Employee_1054,913.08,2025-04-12,P1001
E2055,Employee_1055,1470.84,2025-04-02,P1001
E2056,Employee_1056,371.06,2025-04-08,P1001
E2057,Employee_1057,1019.02,2025-04-15,P1001
E2058,Employee_1058,1048.68,2025-04-14,P1001
E2059,Employee_1059,1408.74,2025-04-02,P1001
E2060,Employee_1060,733.95,2025-04-03,P1001
E2061,Employee_1061,785.71,2025-04-20,P1001
E2062,Employee_1062,503.96,2025-04-20,P1001
E2063,Employee_1063,1234.25,2025-03-31,P1001
E2064,Employee_1064,580.33,2025-04-01,P1001
E2065,Employee_1065,1235.61,2025-04-18,P1001
E2066,Employee_1066,1351.37,2025-04-11,P1001
E2067,Employee_1067,324.94,2025-03-30,P1001
E2068,Employee_1068,527.73,2025-03-31,P1001
E2069,Employee_1069,1128.13,2025-04-05,P1001
E2070,Employee_1070,708.68,2025-04-02,P1001
E2071,Employee_1071,311.26,2025-04-21,P1001
E2072,Employee_1072,1299.65,2025-04-06,P1001
E2073,Employee_1073,967.49,2025-04-16,P1001
E2074,Employee_1074,1003.39,2025-03-26,P1001
E2075,Employee_1075,1288.28,2025-04-21,P1001
E2076,Employee_1076,734.35,2025-04-04,P1001
E2077,Employee_1077,1444.28,2025-04-07,P1001
E2078,Employee_1078,1219.91,2025-03-29,P1001
E2079,Employee_1079,556.9,2025-04-15,P1001
E2080,Employee_1080,1130.58,2025-04-05,P1001
E2081,Employee_1081,1372.68,2025-04-15,P1001
E2082,Employee_1082,1471.66,2025-03-30,P1001
E2083,Employee_1083,252.27,2025-04-12,P1001
E2084,Employee_1084,288.65,2025-04-16,P1001
E2085,Employee_1085,1143.97,2025-04-10,P1001
E2086,Employee_1086,699.34,2025-04-21,P1001
E2087,Employee_1087,1299.51,2025-03-31,P1001
E2088,Employee_1088,810.76,2025-03-31,P1001
E2089,Employee_1089,594.24,2025-04-08,P1001
E2090,Employee_1090,175.48,2025-04-09,P1001
E2091,Employee_1091,1070.91,2025-04-16,P1001
E2092,Employee_1092,589.69,2025-04-05,P1001
E2093,Employee_1093,438.98,2025-03-30,P1001
E2094,Employee_1094,1485.68,2025-04-10,P1001
E2095,Employee_1095,465.94,2025-04-17,P1001
E2096,Employee_1096,329.75,2025-04-03,P1001
E2097,Employee_1097,211.34,2025-04-09,P1001
E2098,Employee_1098,267.17,2025-04-19,P1001
E2099,Employee_1099,912.02,2025-03-26,P1001
E2100,Employee_1100,417.64,2025-04-07,P1001
E2101,Employee_1101,936.13,2025-04-10,P1001
E2102,Employee_1102,574.06,2025-04-04,P1001
E2103,Employee_1103,663.94,2025-04-13,P1001
E2104,Employee_1104,1238.23,2025-04-13,P1001
E2105,Employee_1105,228.36,2025-04-11,P1001
E2106,Employee_1106,513.72,2025-04-09,P1001
E2107,Employee_1107,1093.72,2025-04-08,P1001
E2108,Employee_1108,842.73,2025-04-14,P1001
E2109,Employee_1109,1397.54,2025-04-03,P1001
E2110,Employee_1110,1403.89,2025-04-01,P1001
E2111,Employee_1111,1226.7,2025-04-07,P1001
E2112,Employee_1112,246.12,2025-03-31,P1001
E2113,Employee_1113,1352.16,2025-04-15,P1001
E2114,Employee_1114,168.27,2025-04-04,P1001
E2115,Employee_1115,1470.91,2025-04-01,P1001
E2116,Employee_1116,718.39,2025-03-24,P1001
E2117,Employee_1117,204.55,2025-04-17,P1001
E2118,Employee_1118,331.39,2025-03-30,P1001
E2119,Employee_1119,1286.02,2025-03-29,P1001
E2120,Employee_1120,1489.79,2025-04-11,P1001
E2121,Employee_1121,617.49,2025-04-20,P1001
E2122,Employee_1122,1421.44,2025-04-12,P1001
E2123,Employee_1123,419.71,2025-04-18,P1001
E2124,Employee_1124,986.14,2025-03-27,P1001
E2125,Employee_1125,924.14,2025-04-14,P1001
E2126,Employee_1126,989.64,2025-04-04,P1001
E2127,Employee_1127,626.83,2025-04-18,P1001
E2128,Employee_1128,845.1,2025-04-05,P1001
E2129,Employee_1129,914.64,2025-03-25,P1001
E2130,Employee_1130,1492.09,2025-04-02,P1001
E2131,Employee_1131,925.84,2025-03-23,P1001
E2132,Employee_1132,316.61,2025-04-16,P1001
E2133,Employee_1133,652.5,2025-04-02,P1001
E2134,Employee_1134,1207.3,2025-04-18,P1001
E2135,Employee_1135,418.85,2025-04-07,P1001
E2136,Employee_1136,690.5,2025-04-22,P1001
E2137,Employee_1137,814.04,2025-04-12,P1001
E2138,Employee_1138,1153.17,2025-03-31,P1001
E2139,Employee_1139,551.08,2025-04-04,P1001
E2140,Employee_1140,1147.86,2025-03-23,P1001
E2141,Employee_1141,508.07,2025-04-21,P1001
E2142,Employee_1142,1161.95,2025-03-25,P1001
E2143,Employee_1143,434.59,2025-03-29,P1001
E2144,Employee_1144,443.29,2025-04-16,P1001
E2145,Employee_1145,926.55,2025-04-07,P1001
E2146,Employee_1146,656.66,2025-04-10,P1001
E2147,Employee_1147,410.6,2025-04-17,P1001
E2148,Employee_1148,1089.76,2025-04-21,P1001
E2149,Employee_1149,385.19,2025-03-26,P1001
E2150,Employee_1150,383.75,2025-04-09,P1001
E2151,Employee_1151,663.77,2025-03-25,P1001
E2152,Employee_1152,985.03,2025-04-12,P1001
E2153,Employee_1153,1470.03,2025-04-06,P1001
E2154,Employee_1154,1473.27,2025-03-28,P1001
E2155,Employee_1155,176.53,2025-03-29,P1001
E2156,Employee_1156,386.4,2025-04-01,P1001
E2157,Employee_1157,599.65,2025-04-06,P1001
E2158,Employee_1158,241.9,2025-04-04,P1001
E2159,Employee_1159,1097.35,2025-04-10,P1001
E2160,Employee_1160,887.13,2025-03-28,P1001
E2161,Employee_1161,816.88,2025-03-26,P1001
E2162,Employee_1162,587.94,2025-04-15,P1001
E2163,Employee_1163,812.78,2025-04-19,P1001
E2164,Employee_1164,227.29,2025-04-11,P1001
E2165,Employee_1165,366.54,2025-04-18,P1001
E2166,Employee_1166,448.95,2025-04-06,P1001
E2167,Employee_1167,717.8,2025-04-04,P1001
E2168,Employee_1168,1410.89,2025-03-31,P1001
E2169,Employee_1169,1389.64,2025-03-29,P1001
E2170,Employee_1170,1209.75,2025-03-30,P1001
E2171,Employee_1171,811.94,2025-03-29,P1001
E2172,Employee_1172,1211.95,2025-04-10,P1001
E2173,Employee_1173,647.99,2025-03-31,P1001
E2174,Employee_1174,1389.62,2025-04-11,P1001
E2175,Employee_1175,218.98,2025-04-16,P1001
E2176,Employee_1176,334.79,2025-04-03,P1001
E2177,Employee_1177,912.93,2025-04-21,P1001
E2178,Employee_1178,567.43,2025-04-02,P1001
E2179,Employee_1179,1019.43,2025-03-29,P1001
E2180,Employee_1180,955.35,2025-03-29,P1001
E2181,Employee_1181,211.39,2025-04-01,P1001
E2182,Employee_1182,429.97,2025-04-09,P1001
E2183,Employee_1183,874.04,2025-04-01,P1001
E2184,Employee_1184,310.96,2025-03-27,P1001
E2185,Employee_1185,1445.11,2025-04-18,P1001
E2186,Employee_1186,550.29,2025-03-27,P1001
E2187,Employee_1187,874.57,2025-04-06,P1001
E2188,Employee_1188,603.95,2025-04-10,P1001
E2189,Employee_1189,539.63,2025-04-08,P1001
E2190,Employee_1190,180.91,2025-04-02,P1001
E2191,Employee_1191,1411.02,2025-04-05,P1001
E2192,Employee_1192,122.77,2025-04-02,P1001
E2193,Employee_1193,388.72,2025-03-25,P1001
E2194,Employee_1194,1321.72,2025-03-31,P1001
E2195,Employee_1195,1407.24,2025-03-31,P1001
E2196,Employee_1196,164.44,2025-04-13,P1001
E2197,Employee_1197,1301.43,2025-03-29,P1001
E2198,Employee_1198,1175.52,2025-04-22,P1001
E2199,Employee_1199,652.25,2025-04-01,P1001
E2200,Employee_1200,1121.72,2025-04-07,P1001
E2201,Employee_1201,774.79,2025-03-25,P1001
E2202,Employee_1202,774.55,2025-04-22,P1001
E2203,Employee_1203,932.65,2025-04-06,P1001
E2204,Employee_1204,1427.88,2025-04-10,P1001
E2205,Employee_1205,1285.73,2025-03-31,P1001
E2206,Employee_1206,734.83,2025-04-06,P1001
E2207,Employee_1207,840.34,2025-04-05,P1001
E2208,Employee_1208,1335.17,2025-03-26,P1001
E2209,Employee_1209,215.46,2025-03-26,P1001
E2210,Employee_1210,1419.93,2025-04-04,P1001
E2211,Employee_1211,1003.82,2025-04-12,P1001
E2212,Employee_1212,923.82,2025-03-25,P1001
E2213,Employee_1213,646.87,2025-04-06,P1001
E2214,Employee_1214,399.3,2025-04-22,P1001
E2215,Employee_1215,484.25,2025-04-16,P1001
E2216,Employee_1216,557.47,2025-04-16,P1001
E2217,Employee_1217,390.47,2025-04-12,P1001
E2218,Employee_1218,455.49,2025-03-27,P1001
E2219,Employee_1219,904.24,2025-04-06,P1001
E2220,Employee_1220,561.59,2025-03-31,P1001
E2221,Employee_1221,1430.05,2025-04-15,P1001
E2222,Employee_1222,148.81,2025-04-07,P1001
E2223,Employee_1223,1201.92,2025-04-07,P1001
E2224,Employee_1224,189.48,2025-04-08,P1001
E2225,Employee_1225,563.72,2025-04-07,P1001
E2226,Employee_1226,143.19,2025-04-03,P1001
E2227,Employee_1227,405.22,2025-04-19,P1001
E2228,Employee_1228,909.65,2025-04-16,P1001
E2229,Employee_1229,1457.17,2025-03-26,P1001
E2230,Employee_1230,459.68,2025-04-08,P1001
E2231,Employee_1231,1293.49,2025-04-18,P1001
E2232,Employee_1232,367.02,2025-03-26,P1001
E2233,Employee_1233,810.26,2025-03-24,P1001
E2234,Employee_1234,662.49,2025-04-15,P1001
E2235,Employee_1235,1402.84,2025-04-22,P1001
E2236,Employee_1236,1260.7,2025-04-06,P1001
E2237,Employee_1237,1052.59,2025-04-14,P1001
E2238,Employee_1238,864.83,2025-04-16,P1001
E2239,Employee_1239,986.13,2025-04-02,P1001
E2240,Employee_1240,920.16,2025-03-28,P1001
E2241,Employee_1241,200.38,2025-04-06,P1001
E2242,Employee_1242,200.42,2025-03-24,P1001
E2243,Employee_1243,230.98,2025-04-21,P1001
E2244,Employee_1244,881.74,2025-04-07,P1001
E2245,Employee_1245,1333.75,2025-03-23,P1001
E2246,Employee_1246,314.11,2025-04-21,P1001
E2247,Employee_1247,587.4,2025-03-25,P1001
E2248,Employee_1248,1321.94,2025-04-02,P1001
E2249,Employee_1249,403.16,2025-04-19,P1001
E2250,Employee_1250,1152.99,2025-04-04,P1001
E2251,Employee_1251,854.14,2025-03-24,P1001
E2252,Employee_1252,797.76,2025-03-26,P1001
E2253,Employee_1253,154.52,2025-04-16,P1001
E2254,Employee_1254,683.91,2025-04-20,P1001
E2255,Employee_1255,588.44,2025-04-06,P1001
E2256,Employee_1256,786.8,2025-04-13,P1001
E2257,Employee_1257,1407.89,2025-04-09,P1001
E2258,Employee_1258,1102.24,2025-04-16,P1001
E2259,Employee_1259,758.74,2025-04-14,P1001
E2260,Employee_1260,658.89,2025-04-15,P1001
E2261,Employee_1261,722.33,2025-03-25,P1001
E2262,Employee_1262,1104.09,2025-04-05,P1001
E2263,Employee_1263,230.16,2025-03-28,P1001
E2264,Employee_1264,1197.0,2025-04-12,P1001
E2265,Employee_1265,780.52,2025-04-21,P1001
E2266,Employee_1266,462.19,2025-03-24,P1001
E2267,Employee_1267,1418.45,2025-04-01,P1001
E2268,Employee_1268,1074.01,2025-04-17,P1001
E2269,Employee_1269,859.21,2025-04-13,P1001
E2270,Employee_1270,477.74,2025-03-31,P1001
E2271,Employee_1271,1344.91,2025-04-18,P1001
E2272,Employee_1272,1392.83,2025-03-26,P1001
E2273,Employee_1273,728.69,2025-04-03,P1001
E2274,Employee_1274,1044.27,2025-04-17,P1001
E2275,Employee_1275,751.36,2025-03-28,P1001
E2276,Employee_1276,1303.6,2025-03-26,P1001
E2277,Employee_1277,1092.92,2025-04-19,P1001
E2278,Employee_1278,1330.59,2025-04-06,P1001
E2279,Employee_1279,131.31,2025-04-01,P1001
E2280,Employee_1280,1203.81,2025-04-08,P1001
E2281,Employee_1281,269.9,2025-04-15,P1001
E2282,Employee_1282,328.69,2025-04-03,P1001
E2283,Employee_1283,537.26,2025-04-10,P1001
E2284,Employee_1284,579.44,2025-04-09,P1001
E2285,Employee_1285,1234.47,2025-04-15,P1001
E2286,Employee_1286,1229.55,2025-04-03,P1001
E2287,Employee_1287,1147.67,2025-04-06,P1001
E2288,Employee_1288,875.6,2025-04-12,P1001
E2289,Employee_1289,1103.53,2025-04-08,P1001
E2290,Employee_1290,644.55,2025-04-11,P1001
E2291,Employee_1291,555.52,2025-03-31,P1001
E2292,Employee_1292,828.35,2025-04-19,P1001
E2293,Employee_1293,1467.66,2025-03-30,P1001
E2294,Employee_1294,1111.97,2025-04-12,P1001
E2295,Employee_1295,164.84,2025-04-21,P1001
E2296,Employee_1296,693.76,2025-04-03,P1001
E2297,Employee_1297,729.23,2025-04-03,P1001
E2298,Employee_1298,1058.08,2025-04-02,P1001
E2299,Employee_1299,787.55,2025-04-20,P1001
E2300,Employee_1300,792.71,2025-04-13,P1001
E2301,Employee_1301,605.01,2025-04-12,P1001
E2302,Employee_1302,1479.88,2025-03-24,P1001
E2303,Employee_1303,1082.89,2025-03-31,P1001
E2304,Employee_1304,1184.4,2025-04-01,P1001
E2305,Employee_1305,704.04,2025-04-10,P1001
E2306,Employee_1306,436.03,2025-04-22,P1001
E2307,Employee_1307,509.06,2025-04-22,P1001
E2308,Employee_1308,333.03,2025-04-06,P1001
E2309,Employee_1309,164.04,2025-03-25,P1001
E2310,Employee_1310,331.83,2025-04-19,P1001
E2311,Employee_1311,431.37,2025-04-15,P1001
E2312,Employee_1312,183.76,2025-03-25,P1001
E2313,Employee_1313,552.44,2025-04-22,P1001
E2314,Employee_1314,290.15,2025-04-09,P1001
E2315,Employee_1315,536.86,2025-04-04,P1001
E2316,Employee_1316,527.82,2025-03-27,P1001
E2317,Employee_1317,332.77,2025-04-10,P1001
E2318,Employee_1318,1230.42,2025-04-15,P1001
E2319,Employee_1319,1048.28,2025-04-03,P1001
E2320,Employee_1320,1374.61,2025-04-21,P1001
E2321,Employee_1321,1277.07,2025-04-13,P1001
E2322,Employee_1322,141.67,2025-04-20,P1001
E2323,Employee_1323,608.79,2025-04-05,P1001
E2324,Employee_1324,1408.38,2025-03-23,P1001
E2325,Employee_1325,1076.18,2025-04-13,P1001
E2326,Employee_1326,297.28,2025-04-09,P1001
E2327,Employee_1327,1161.09,2025-04-10,P1001
E2328,Employee_1328,134.4,2025-04-04,P1001
E2329,Employee_1329,332.16,2025-04-01,P1001
E2330,Employee_1330,575.56,2025-04-06,P1001
E2331,Employee_1331,1063.13,2025-04-18,P1001
E2332,Employee_1332,1045.98,2025-03-28,P1001
E2333,Employee_1333,464.41,2025-04-12,P1001
E2334,Employee_1334,607.92,2025-04-09,P1001
E2335,Employee_1335,168.4,2025-04-03,P1001
E2336,Employee_1336,449.43,2025-04-08,P1001
E2337,Employee_1337,499.54,2025-04-20,P1001
E2338,Employee_1338,195.5,2025-03-27,P1001
E2339,Employee_1339,1099.45,2025-04-03,P1001
E2340,Employee_1340,1202.48,2025-04-01,P1001
E2341,Employee_1341,559.22,2025-04-18,P1001
E2342,Employee_1342,708.83,2025-04-14,P1001
E2343,Employee_1343,542.52,2025-04-20,P1001
E2344,Employee_1344,1239.34,2025-04-22,P1001
E2345,Employee_1345,417.81,2025-03-30,P1001
E2346,Employee_1346,722.51,2025-04-18,P1001
E2347,Employee_1347,328.07,2025-04-13,P1001
E2348,Employee_1348,1436.4,2025-03-23,P1001
E2349,Employee_1349,890.45,2025-03-23,P1001
E2350,Employee_1350,491.7,2025-04-07,P1001
E2351,Employee_1351,194.76,2025-04-02,P1001
E2352,Employee_1352,883.92,2025-03-25,P1001
E2353,Employee_1353,1036.81,2025-04-06,P1001
E2354,Employee_1354,161.1,2025-04-15,P1001
E2355,Employee_1355,700.76,2025-03-30,P1001
E2356,Employee_1356,273.79,2025-04-09,P1001
E2357,Employee_1357,1158.66,2025-04-16,P1001
E2358,Employee_1358,126.07,2025-03-27,P1001
E2359,Employee_1359,789.95,2025-04-12,P1001
E2360,Employee_1360,220.88,2025-04-05,P1001
E2361,Employee_1361,1386.54,2025-04-16,P1001
E2362,Employee_1362,128.31,2025-04-11,P1001
E2363,Employee_1363,635.18,2025-04-11,P1001
E2364,Employee_1364,509.04,2025-04-06,P1001
E2365,Employee_1365,847.55,2025-04-05,P1001
E2366,Employee_1366,1162.38,2025-04-13,P1001
E2367,Employee_1367,605.0,2025-03-23,P1001
E2368,Employee_1368,798.0,2025-04-02,P1001
E2369,Employee_1369,1408.2,2025-03-29,P1001
E2370,Employee_1370,677.34,2025-04-01,P1001
E2371,Employee_1371,685.24,2025-04-01,P1001
E2372,Employee_1372,1469.6,2025-04-21,P1001
E2373,Employee_1373,352.79,2025-03-26,P1001
E2374,Employee_1374,226.77,2025-04-11,P1001
E2375,Employee_1375,1028.4,2025-04-01,P1001
E2376,Employee_1376,1301.1,2025-04-05,P1001
E2377,Employee_1377,1086.23,2025-04-20,P1001
E2378,Employee_1378,1276.49,2025-03-31,P1001
E2379,Employee_1379,911.95,2025-04-10,P1001
E2380,Employee_1380,342.94,2025-04-12,P1001
E2381,Employee_1381,1352.92,2025-04-20,P1001
E2382,Employee_1382,737.87,2025-04-16,P1001
E2383,Employee_1383,187.42,2025-04-21,P1001
E2384,Employee_1384,1367.79,2025-04-06,P1001
E2385,Employee_1385,1271.95,2025-04-06,P1001
E2386,Employee_1386,1366.66,2025-04-01,P1001
E2387,Employee_1387,951.79,2025-04-07,P1001
E2388,Employee_1388,1246.05,2025-04-18,P1001
E2389,Employee_1389,230.55,2025-04-22,P1001
E2390,Employee_1390,1318.36,2025-04-03,P1001
E2391,Employee_1391,1276.37,2025-03-25,P1001
E2392,Employee_1392,1294.54,2025-03-30,P1001
E2393,Employee_1393,1421.94,2025-04-16,P1001
E2394,Employee_1394,1050.41,2025-04-18,P1001
E2395,Employee_1395,1316.08,2025-04-12,P1001
E2396,Employee_1396,422.83,2025-04-17,P1001
E2397,Employee_1397,1053.07,2025-04-13,P1001
E2398,Employee_1398,282.66,2025-03-24,P1001
E2399,Employee_1399,722.73,2025-03-27,P1001
E2400,Employee_1400,293.28,2025-04-05,P1001
E2401,Employee_1401,894.24,2025-04-04,P1001
E2402,Employee_1402,1125.87,2025-04-04,P1001
E2403,Employee_1403,158.3,2025-03-29,P1001
E2404,Employee_1404,1392.45,2025-04-21,P1001
E2405,Employee_1405,260.43,2025-04-05,P1001
E2406,Employee_1406,583.28,2025-04-04,P1001
E2407,Employee_1407,1332.49,2025-04-17,P1001
E2408,Employee_1408,706.57,2025-03-26,P1001
E2409,Employee_1409,344.8,2025-04-06,P1001
E2410,Employee_1410,680.86,2025-04-16,P1001
E2411,Employee_1411,1299.85,2025-04-18,P1001
E2412,Employee_1412,182.33,2025-04-13,P1001
E2413,Employee_1413,314.12,2025-03-31,P1001
E2414,Employee_1414,752.3,2025-04-18,P1001
E2415,Employee_1415,508.41,2025-04-15,P1001
E2416,Employee_1416,1132.71,2025-04-03,P1001
E2417,Employee_1417,481.96,2025-04-06,P1001
E2418,Employee_1418,222.91,2025-04-10,P1001
E2419,Employee_1419,355.9,2025-03-26,P1001
E2420,Employee_1420,274.25,2025-03-28,P1001
E2421,Employee_1421,1289.74,2025-03-26,P1001
E2422,Employee_1422,1375.26,2025-04-03,P1001
E2423,Employee_1423,1127.42,2025-04-15,P1001
E2424,Employee_1424,376.98,2025-04-07,P1001
E2425,Employee_1425,1277.02,2025-04-10,P1001
E2426,Employee_1426,269.44,2025-04-21,P1001
E2427,Employee_1427,1338.99,2025-04-15,P1001
E2428,Employee_1428,1341.78,2025-04-21,P1001
E2429,Employee_1429,297.7,2025-04-16,P1001
E2430,Employee_1430,1205.41,2025-04-04,P1001
E2431,Employee_1431,408.29,2025-04-05,P1001
E2432,Employee_1432,825.92,2025-04-11,P1001
E2433,Employee_1433,540.55,2025-04-18,P1001
E2434,Employee_1434,883.02,2025-04-07,P1001
E2435,Employee_1435,282.08,2025-04-09,P1001
E2436,Employee_1436,1403.43,2025-04-19,P1001
E2437,Employee_1437,203.92,2025-04-06,P1001
E2438,Employee_1438,274.46,2025-04-11,P1001
E2439,Employee_1439,1359.02,2025-04-04,P1001
E2440,Employee_1440,1476.62,2025-04-05,P1001
E2441,Employee_1441,846.23,2025-03-28,P1001
E2442,Employee_1442,741.18,2025-04-09,P1001
E2443,Employee_1443,1006.51,2025-04-10,P1001
E2444,Employee_1444,534.06,2025-04-19,P1001
E2445,Employee_1445,947.65,2025-03-27,P1001
E2446,Employee_1446,828.38,2025-04-07,P1001
E2447,Employee_1447,776.7,2025-04-16,P1001
E2448,Employee_1448,139.59,2025-03-28,P1001
E2449,Employee_1449,181.87,2025-04-06,P1001
E2450,Employee_1450,516.32,2025-04-08,P1001
E2451,Employee_1451,425.52,2025-04-14,P1001
E2452,Employee_1452,1165.8,2025-04-16,P1001
E2453,Employee_1453,1497.27,2025-04-09,P1001
E2454,Employee_1454,369.3,2025-04-10,P1001
E2455,Employee_1455,875.37,2025-04-10,P1001
E2456,Employee_1456,792.93,2025-04-07,P1001
E2457,Employee_1457,1274.44,2025-04-14,P1001
E2458,Employee_1458,370.11,2025-03-29,P1001
E2459,Employee_1459,700.66,2025-04-10,P1001
E2460,Employee_1460,1165.57,2025-03-30,P1001
E2461,Employee_1461,361.87,2025-03-23,P1001
E2462,Employee_1462,890.86,2025-03-26,P1001
E2463,Employee_1463,189.59,2025-04-05,P1001
E2464,Employee_1464,430.74,2025-03-23,P1001
E2465,Employee_1465,1360.55,2025-04-17,P1001
E2466,Employee_1466,297.36,2025-03-31,P1001
E2467,Employee_1467,907.53,2025-04-13,P1001
E2468,Employee_1468,146.29,2025-04-22,P1001
E2469,Employee_1469,380.98,2025-03-27,P1001
E2470,Employee_1470,517.01,2025-04-06,P1001
E2471,Employee_1471,919.71,2025-03-29,P1001
E2472,Employee_1472,100.94,2025-04-17,P1001
E2473,Employee_1473,1127.54,2025-04-16,P1001
E2474,Employee_1474,294.91,2025-03-26,P1001
E2475,Employee_1475,1062.24,2025-04-04,P1001
E2476,Employee_1476,1273.98,2025-03-23,P1001
E2477,Employee_1477,1445.63,2025-04-21,P1001
E2478,Employee_1478,583.44,2025-04-20,P1001
E2479,Employee_1479,561.5,2025-04-11,P1001
E2480,Employee_1480,158.16,2025-03-23,P1001
E2481,Employee_1481,1303.29,2025-04-04,P1001
E2482,Employee_1482,1160.82,2025-03-25,P1001
E2483,Employee_1483,1357.86,2025-03-30,P1001
E2484,Employee_1484,1231.05,2025-04-22,P1001
E2485,Employee_1485,817.33,2025-03-31,P1001
E2486,Employee_1486,304.44,2025-04-02,P1001
E2487,Employee_1487,794.28,2025-04-06,P1001
E2488,Employee_1488,973.33,2025-04-10,P1001
E2489,Employee_1489,991.43,2025-04-10,P1001
E2490,Employee_1490,1151.94,2025-04-03,P1001
E2491,Employee_1491,1493.27,2025-03-27,P1001
E2492,Employee_1492,1104.56,2025-04-15,P1001
E2493,Employee_1493,1464.28,2025-03-29,P1001
E2494,Employee_1494,511.23,2025-03-25,P1001
E2495,Employee_1495,350.21,2025-04-10,P1001
E2496,Employee_1496,1336.97,2025-04-12,P1001
E2497,Employee_1497,611.96,2025-04-05,P1001
E2498,Employee_1498,1241.28,2025-04-01,P1001
E2499,Employee_1499,1489.72,2025-04-16,P1001
E2500,Employee_1500,324.44,2025-04-11,P1001
E2501,Employee_1501,655.82,2025-04-21,P1001
E2502,Employee_1502,704.47,2025-04-15,P1001
E2503,Employee_1503,1055.6,2025-04-03,P1001
E2504,Employee_1504,1362.08,2025-03-31,P1001
E2505,Employee_1505,563.07,2025-04-13,P1001
E2506,Employee_1506,826.55,2025-04-10,P1001
E2507,Employee_1507,812.4,2025-03-23,P1001
E2508,Employee_1508,463.49,2025-03-29,P1001
E2509,Employee_1509,109.55,2025-04-01,P1001
E2510,Employee_1510,1172.52,2025-03-31,P1001
E2511,Employee_1511,1416.11,2025-04-22,P1001
E2512,Employee_1512,191.05,2025-04-05,P1001
E2513,Employee_1513,462.71,2025-04-06,P1001
E2514,Employee_1514,151.68,2025-03-28,P1001
E2515,Employee_1515,1400.81,2025-04-22,P1001
E2516,Employee_1516,1379.6,2025-04-20,P1001
E2517,Employee_1517,1068.65,2025-03-25,P1001
E2518,Employee_1518,829.91,2025-03-30,P1001
E2519,Employee_1519,416.78,2025-04-14,P1001
E2520,Employee_1520,771.3,2025-03-30,P1001
E2521,Employee_1521,974.95,2025-04-18,P1001
E2522,Employee_1522,424.81,2025-04-10,P1001
E2523,Employee_1523,1314.22,2025-04-06,P1001
E2524,Employee_1524,677.61,2025-04-19,P1001
E2525,Employee_1525,889.4,2025-04-01,P1001
E2526,Employee_1526,486.28,2025-04-14,P1001
E2527,Employee_1527,1122.56,2025-04-07,P1001
E2528,Employee_1528,976.51,2025-04-18,P1001
E2529,Employee_1529,124.72,2025-03-28,P1001
E2530,Employee_1530,1443.68,2025-04-20,P1001
E2531,Employee_1531,423.89,2025-04-14,P1001
E2532,Employee_1532,435.06,2025-03-29,P1001
E2533,Employee_1533,138.05,2025-04-12,P1001
E2534,Employee_1534,824.49,2025-04-17,P1001
E2535,Employee_1535,757.86,2025-03-25,P1001
E2536,Employee_1536,1412.97,2025-04-18,P1001
E2537,Employee_1537,912.29,2025-04-13,P1001
E2538,Employee_1538,504.19,2025-03-27,P1001
E2539,Employee_1539,920.17,2025-04-04,P1001
E2540,Employee_1540,906.19,2025-03-29,P1001
E2541,Employee_1541,1031.62,2025-04-02,P1001
E2542,Employee_1542,1260.86,2025-04-14,P1001
E2543,Employee_1543,872.32,2025-04-01,P1001
E2544,Employee_1544,271.77,2025-04-12,P1001
E2545,Employee_1545,544.73,2025-04-21,P1001
E2546,Employee_1546,843.54,2025-04-12,P1001
E2547,Employee_1547,1442.77,2025-03-26,P1001
E2548,Employee_1548,353.22,2025-03-27,P1001
E2549,Employee_1549,822.32,2025-04-14,P1001
E2550,Employee_1550,302.63,2025-04-06,P1001
E2551,Employee_1551,238.87,2025-04-22,P1001
E2552,Employee_1552,1070.62,2025-04-05,P1001
E2553,Employee_1553,1492.16,2025-04-20,P1001
E2554,Employee_1554,704.95,2025-04-17,P1001
E2555,Employee_1555,615.36,2025-03-28,P1001
E2556,Employee_1556,320.67,2025-04-21,P1001
E2557,Employee_1557,929.46,2025-03-30,P1001
E2558,Employee_1558,1493.81,2025-04-22,P1001
E2559,Employee_1559,1261.36,2025-04-13,P1001
E2560,Employee_1560,913.3,2025-04-17,P1001
E2561,Employee_1561,857.64,2025-03-26,P1001
E2562,Employee_1562,966.7,2025-04-13,P1001
E2563,Employee_1563,1022.49,2025-04-13,P1001
E2564,Employee_1564,1476.2,2025-04-05,P1001
E2565,Employee_1565,892.85,2025-03-29,P1001
E2566,Employee_1566,484.27,2025-03-30,P1001
E2567,Employee_1567,338.15,2025-04-04,P1001
E2568,Employee_1568,269.13,2025-04-14,P1001
E2569,Employee_1569,878.18,2025-04-03,P1001
E2570,Employee_1570,1387.91,2025-04-13,P1001
E2571,Employee_1571,295.18,2025-04-07,P1001
E2572,Employee_1572,1467.81,2025-04-21,P1001
E2573,Employee_1573,1486.1,2025-04-05,P1001
E2574,Employee_1574,794.19,2025-04-11,P1001
E2575,Employee_1575,1440.47,2025-04-12,P1001
E2576,Employee_1576,334.31,2025-03-25,P1001
E2577,Employee_1577,1156.25,2025-04-13,P1001
E2578,Employee_1578,252.56,2025-04-11,P1001
E2579,Employee_1579,1148.06,2025-04-06,P1001
E2580,Employee_1580,765.48,2025-04-04,P1001
E2581,Employee_1581,1004.12,2025-04-13,P1001
E2582,Employee_1582,260.79,2025-04-20,P1001
E2583,Employee_1583,1380.78,2025-04-03,P1001
E2584,Employee_1584,1145.28,2025-03-26,P1001
E2585,Employee_1585,1336.99,2025-04-10,P1001
E2586,Employee_1586,1179.33,2025-04-05,P1001
E2587,Employee_1587,507.7,2025-04-14,P1001
E2588,Employee_1588,1075.54,2025-04-22,P1001
E2589,Employee_1589,1243.99,2025-04-06,P1001
E2590,Employee_1590,206.93,2025-03-27,P1001
E2591,Employee_1591,1061.2,2025-03-30,P1001
E2592,Employee_1592,870.08,2025-03-30,P1001
E2593,Employee_1593,1313.27,2025-04-03,P1001
E2594,Employee_1594,1128.6,2025-04-10,P1001
E2595,Employee_1595,1116.92,2025-04-05,P1001
E2596,Employee_1596,178.6,2025-04-03,P1001
E2597,Employee_1597,210.06,2025-03-27,P1001
E2598,Employee_1598,473.59,2025-04-06,P1001
E2599,Employee_1599,1330.54,2025-03-31,P1001
E2600,Employee_1600,180.44,2025-03-26,P1001
E2601,Employee_1601,430.22,2025-03-30,P1001
E2602,Employee_1602,400.85,2025-03-31,P1001
E2603,Employee_1603,144.62,2025-03-28,P1001
E2604,Employee_1604,917.59,2025-04-11,P1001
E2605,Employee_1605,911.33,2025-03-30,P1001
E2606,Employee_1606,444.43,2025-04-18,P1001
E2607,Employee_1607,1129.98,2025-04-17,P1001
E2608,Employee_1608,1039.96,2025-03-24,P1001
E2609,Employee_1609,456.82,2025-03-24,P1001
E2610,Employee_1610,308.7,2025-04-17,P1001
E2611,Employee_1611,1320.55,2025-03-27,P1001
E2612,Employee_1612,929.66,2025-04-06,P1001
E2613,Employee_1613,1290.36,2025-04-06,P1001
E2614,Employee_1614,1209.24,2025-03-29,P1001
E2615,Employee_1615,668.83,2025-04-10,P1001
E2616,Employee_1616,169.4,2025-03-27,P1001
E2617,Employee_1617,1093.45,2025-04-18,P1001
E2618,Employee_1618,998.67,2025-04-10,P1001
E2619,Employee_1619,734.76,2025-04-22,P1001
E2620,Employee_1620,128.77,2025-04-10,P1001
E2621,Employee_1621,1127.71,2025-04-20,P1001
E2622,Employee_1622,882.38,2025-04-20,P1001
E2623,Employee_1623,1397.43,2025-04-19,P1001
E2624,Employee_1624,678.7,2025-03-24,P1001
E2625,Employee_1625,1036.35,2025-04-13,P1001
E2626,Employee_1626,733.03,2025-04-02,P1001
E2627,Employee_1627,937.46,2025-03-25,P1001
E2628,Employee_1628,362.17,2025-04-18,P1001
E2629,Employee_1629,1236.76,2025-03-29,P1001
E2630,Employee_1630,1090.52,2025-04-06,P1001
E2631,Employee_1631,404.18,2025-04-17,P1001
E2632,Employee_1632,1051.56,2025-04-21,P1001
E2633,Employee_1633,971.36,2025-04-10,P1001
E2634,Employee_1634,525.59,2025-04-14,P1001
E2635,Employee_1635,894.77,2025-04-18,P1001
E2636,Employee_1636,226.08,2025-04-04,P1001
E2637,Employee_1637,192.61,2025-04-22,P1001
E2638,Employee_1638,316.55,2025-03-31,P1001
E2639,Employee_1639,939.54,2025-04-22,P1001
E2640,Employee_1640,552.46,2025-04-13,P1001
E2641,Employee_1641,163.86,2025-04-01,P1001
E2642,Employee_1642,1050.25,2025-04-19,P1001
E2643,Employee_1643,484.54,2025-04-18,P1001
E2644,Employee_1644,1225.58,2025-04-11,P1001
E2645,Employee_1645,1168.7,2025-03-28,P1001
E2646,Employee_1646,648.55,2025-03-27,P1001
E2647,Employee_1647,1246.43,2025-04-16,P1001
E2648,Employee_1648,1263.17,2025-04-06,P1001
E2649,Employee_1649,1310.99,2025-03-26,P1001
E2650,Employee_1650,200.14,2025-03-25,P1001
E2651,Employee_1651,1481.84,2025-03-30,P1001
E2652,Employee_1652,812.29,2025-04-03,P1001
E2653,Employee_1653,1034.98,2025-04-15,P1001
E2654,Employee_1654,1264.31,2025-04-03,P1001
E2655,Employee_1655,527.02,2025-03-24,P1001
E2656,Employee_1656,497.24,2025-03-28,P1001
E2657,Employee_1657,1373.6,2025-04-11,P1001
E2658,Employee_1658,1288.89,2025-04-01,P1001
E2659,Employee_1659,1075.84,2025-03-24,P1001
E2660,Employee_1660,540.63,2025-04-04,P1001
E2661,Employee_1661,201.85,2025-03-23,P1001
E2662,Employee_1662,213.89,2025-04-05,P1001
E2663,Employee_1663,1197.23,2025-04-20,P1001
E2664,Employee_1664,1059.01,2025-04-06,P1001
E2665,Employee_1665,1364.68,2025-03-29,P1001
E2666,Employee_1666,511.34,2025-03-30,P1001
E2667,Employee_1667,1075.52,2025-04-06,P1001
E2668,Employee_1668,120.23,2025-03-28,P1001
E2669,Employee_1669,1151.7,2025-03-29,P1001
E2670,Employee_1670,331.5,2025-04-18,P1001
E2671,Employee_1671,463.41,2025-04-10,P1001
E2672,Employee_1672,915.5,2025-04-18,P1001
E2673,Employee_1673,935.54,2025-03-30,P1001
E2674,Employee_1674,1469.43,2025-04-13,P1001
E2675,Employee_1675,450.32,2025-03-26,P1001
E2676,Employee_1676,1010.61,2025-04-08,P1001
E2677,Employee_1677,127.69,2025-04-07,P1001
E2678,Employee_1678,1166.64,2025-04-06,P1001
E2679,Employee_1679,1223.47,2025-04-03,P1001
E2680,Employee_1680,589.88,2025-04-04,P1001
E2681,Employee_1681,483.71,2025-04-01,P1001
E2682,Employee_1682,114.54,2025-04-03,P1001
E2683,Employee_1683,139.64,2025-04-17,P1001
E2684,Employee_1684,962.95,2025-03-28,P1001
E2685,Employee_1685,787.55,2025-04-20,P1001
E2686,Employee_1686,597.36,2025-04-08,P1001
E2687,Employee_1687,128.43,2025-04-02,P1001
E2688,Employee_1688,531.49,2025-04-01,P1001
E2689,Employee_1689,1185.55,2025-03-23,P1001
E2690,Employee_1690,399.83,2025-03-28,P1001
E2691,Employee_1691,1155.09,2025-03-26,P1001
E2692,Employee_1692,1355.48,2025-03-23,P1001
E2693,Employee_1693,677.48,2025-03-24,P1001
E2694,Employee_1694,1302.51,2025-04-08,P1001
E2695,Employee_1695,473.4,2025-03-27,P1001
E2696,Employee_1696,799.91,2025-04-01,P1001
E2697,Employee_1697,1487.35,2025-04-14,P1001
E2698,Employee_1698,1383.66,2025-04-14,P1001
E2699,Employee_1699,747.91,2025-04-22,P1001
E2700,Employee_1700,1370.73,2025-03-23,P1001
E2701,Employee_1701,1180.98,2025-04-20,P1001
E2702,Employee_1702,672.67,2025-04-15,P1001
E2703,Employee_1703,1244.19,2025-04-10,P1001
E2704,Employee_1704,796.88,2025-03-27,P1001
E2705,Employee_1705,1250.07,2025-03-28,P1001
E2706,Employee_1706,1487.51,2025-03-24,P1001
E2707,Employee_1707,1325.13,2025-04-14,P1001
E2708,Employee_1708,1047.86,2025-04-14,P1001
E2709,Employee_1709,379.81,2025-04-15,P1001
E2710,Employee_1710,913.09,2025-04-11,P1001
E2711,Employee_1711,1352.66,2025-04-07,P1001
E2712,Employee_1712,750.88,2025-04-02,P1001
E2713,Employee_1713,524.98,2025-04-22,P1001
E2714,Employee_1714,650.29,2025-04-18,P1001
E2715,Employee_1715,506.49,2025-04-03,P1001
E2716,Employee_1716,893.51,2025-04-13,P1001
E2717,Employee_1717,180.56,2025-04-03,P1001
E2718,Employee_1718,1179.16,2025-04-15,P1001
E2719,Employee_1719,1396.61,2025-04-11,P1001
E2720,Employee_1720,1331.87,2025-04-21,P1001
E2721,Employee_1721,499.81,2025-03-29,P1001
E2722,Employee_1722,827.05,2025-03-30,P1001
E2723,Employee_1723,333.04,2025-03-27,P1001
E2724,Employee_1724,430.72,2025-04-17,P1001
E2725,Employee_1725,1109.78,2025-04-07,P1001
E2726,Employee_1726,1437.57,2025-04-12,P1001
E2727,Employee_1727,685.19,2025-03-27,P1001
E2728,Employee_1728,876.48,2025-03-31,P1001
E2729,Employee_1729,531.59,2025-04-08,P1001
E2730,Employee_1730,1428.6,2025-04-11,P1001
E2731,Employee_1731,937.27,2025-04-17,P1001
E2732,Employee_1732,409.73,2025-04-19,P1001
E2733,Employee_1733,272.91,2025-04-15,P1001
E2734,Employee_1734,762.75,2025-04-14,P1001
E2735,Employee_1735,898.27,2025-03-23,P1001
E2736,Employee_1736,101.02,2025-04-12,P1001
E2737,Employee_1737,621.01,2025-04-14,P1001
E2738,Employee_1738,1397.61,2025-03-29,P1001
E2739,Employee_1739,641.29,2025-03-30,P1001
E2740,Employee_1740,183.72,2025-03-23,P1001
E2741,Employee_1741,557.09,2025-04-19,P1001
E2742,Employee_1742,1035.56,2025-04-22,P1001
E2743,Employee_1743,296.8,2025-03-28,P1001
E2744,Employee_1744,255.04,2025-03-30,P1001
E2745,Employee_1745,1249.86,2025-04-14,P1001
E2746,Employee_1746,1369.86,2025-03-24,P1001
E2747,Employee_1747,376.34,2025-04-20,P1001
E2748,Employee_1748,1391.78,2025-04-18,P1001
E2749,Employee_1749,623.53,2025-04-12,P1001
E2750,Employee_1750,922.0,2025-04-13,P1001
E2751,Employee_1751,457.85,2025-04-09,P1001
E2752,Employee_1752,1304.53,2025-03-30,P1001
E2753,Employee_1753,160.28,2025-04-02,P1001
E2754,Employee_1754,463.28,2025-04-16,P1001
E2755,Employee_1755,357.16,2025-04-14,P1001
E2756,Employee_1756,1316.13,2025-04-04,P1001
E2757,Employee_1757,374.05,2025-04-15,P1001
E2758,Employee_1758,194.28,2025-03-24,P1001
E2759,Employee_1759,1247.29,2025-04-01,P1001
E2760,Employee_1760,194.75,2025-04-06,P1001
E2761,Employee_1761,1083.53,2025-03-25,P1001
E2762,Employee_1762,1390.75,2025-04-20,P1001
E2763,Employee_1763,323.43,2025-04-08,P1001
E2764,Employee_1764,1318.07,2025-04-19,P1001
E2765,Employee_1765,125.08,2025-04-19,P1001
E2766,Employee_1766,274.25,2025-04-20,P1001
E2767,Employee_1767,810.17,2025-04-10,P1001
E2768,Employee_1768,384.63,2025-04-04,P1001
E2769,Employee_1769,1036.7,2025-03-24,P1001
E2770,Employee_1770,1179.8,2025-04-18,P1001
E2771,Employee_1771,712.64,2025-04-16,P1001
E2772,Employee_1772,1194.87,2025-03-25,P1001
E2773,Employee_1773,1309.8,2025-04-21,P1001
E2774,Employee_1774,882.25,2025-04-09,P1001
E2775,Employee_1775,360.82,2025-04-01,P1001
E2776,Employee_1776,1183.0,2025-04-02,P1001
E2777,Employee_1777,935.6,2025-04-09,P1001
E2778,Employee_1778,1340.02,2025-03-28,P1001
E2779,Employee_1779,1124.58,2025-04-19,P1001
E2780,Employee_1780,944.13,2025-04-07,P1001
E2781,Employee_1781,868.95,2025-03-27,P1001
E2782,Employee_1782,1218.56,2025-04-18,P1001
E2783,Employee_1783,1464.89,2025-04-12,P1001
E2784,Employee_1784,1117.13,2025-03-24,P1001
E2785,Employee_1785,1388.93,2025-04-01,P1001
E2786,Employee_1786,106.56,2025-04-19,P1001
E2787,Employee_1787,1382.61,2025-04-05,P1001
E2788,Employee_1788,1043.25,2025-04-06,P1001
E2789,Employee_1789,1146.89,2025-04-09,P1001
E2790,Employee_1790,587.87,2025-03-31,P1001
E2791,Employee_1791,846.95,2025-03-24,P1001
E2792,Employee_1792,1181.75,2025-03-24,P1001
E2793,Employee_1793,884.65,2025-04-17,P1001
E2794,Employee_1794,615.56,2025-03-30,P1001
E2795,Employee_1795,249.09,2025-03-28,P1001
E2796,Employee_1796,853.76,2025-04-08,P1001
E2797,Employee_1797,1376.23,2025-04-04,P1001
E2798,Employee_1798,1344.63,2025-04-07,P1001
E2799,Employee_1799,1020.24,2025-04-12,P1001
E2800,Employee_1800,461.9,2025-04-01,P1001
E2801,Employee_1801,113.08,2025-04-21,P1001
E2802,Employee_1802,829.71,2025-04-07,P1001
E2803,Employee_1803,636.22,2025-03-27,P1001
E2804,Employee_1804,786.96,2025-04-11,P1001
E2805,Employee_1805,720.99,2025-04-15,P1001
E2806,Employee_1806,1003.62,2025-04-14,P1001
E2807,Employee_1807,331.22,2025-04-16,P1001
E2808,Employee_1808,1318.68,2025-04-10,P1001
E2809,Employee_1809,1402.3,2025-04-01,P1001
E2810,Employee_1810,444.9,2025-04-11,P1001
E2811,Employee_1811,1362.99,2025-03-24,P1001
E2812,Employee_1812,150.64,2025-04-22,P1001
E2813,Employee_1813,282.51,2025-04-17,P1001
E2814,Employee_1814,961.97,2025-03-31,P1001
E2815,Employee_1815,161.26,2025-03-24,P1001
E2816,Employee_1816,1106.05,2025-03-26,P1001
E2817,Employee_1817,907.35,2025-03-23,P1001
E2818,Employee_1818,291.65,2025-04-22,P1001
E2819,Employee_1819,978.59,2025-03-24,P1001
E2820,Employee_1820,354.25,2025-03-31,P1001
E2821,Employee_1821,373.52,2025-03-26,P1001
E2822,Employee_1822,1234.17,2025-04-02,P1001
E2823,Employee_1823,524.63,2025-03-31,P1001
E2824,Employee_1824,1385.61,2025-04-20,P1001
E2825,Employee_1825,106.94,2025-03-31,P1001
E2826,Employee_1826,191.82,2025-04-19,P1001
E2827,Employee_1827,868.56,2025-04-10,P1001
E2828,Employee_1828,1033.11,2025-03-23,P1001
E2829,Employee_1829,176.19,2025-03-25,P1001
E2830,Employee_1830,1492.69,2025-03-30,P1001
E2831,Employee_1831,565.49,2025-04-11,P1001
E2832,Employee_1832,1281.48,2025-03-23,P1001
E2833,Employee_1833,1423.99,2025-04-14,P1001
E2834,Employee_1834,1082.97,2025-04-03,P1001
E2835,Employee_1835,357.72,2025-03-31,P1001
E2836,Employee_1836,210.91,2025-04-22,P1001
E2837,Employee_1837,204.58,2025-04-11,P1001
E2838,Employee_1838,1231.44,2025-03-27,P1001
E2839,Employee_1839,939.79,2025-03-30,P1001
E2840,Employee_1840,1216.95,2025-04-10,P1001
E2841,Employee_1841,470.7,2025-04-05,P1001
E2842,Employee_1842,333.84,2025-04-19,P1001
E2843,Employee_1843,531.1,2025-04-08,P1001
E2844,Employee_1844,1487.77,2025-04-15,P1001
E2845,Employee_1845,316.51,2025-04-15,P1001
E2846,Employee_1846,365.86,2025-03-27,P1001
E2847,Employee_1847,1328.61,2025-04-12,P1001
E2848,Employee_1848,1469.27,2025-04-11,P1001
E2849,Employee_1849,297.11,2025-04-01,P1001
E2850,Employee_1850,868.68,2025-04-12,P1001
E2851,Employee_1851,299.17,2025-04-03,P1001
E2852,Employee_1852,749.31,2025-04-14,P1001
E2853,Employee_1853,890.34,2025-04-07,P1001
E2854,Employee_1854,1050.99,2025-04-01,P1001
E2855,Employee_1855,908.61,2025-03-28,P1001
E2856,Employee_1856,1447.64,2025-04-07,P1001
E2857,Employee_1857,817.38,2025-04-22,P1001
E2858,Employee_1858,536.57,2025-03-29,P1001
E2859,Employee_1859,535.18,2025-04-19,P1001
E2860,Employee_1860,340.84,2025-04-20,P1001
E2861,Employee_1861,1157.1,2025-04-01,P1001
E2862,Employee_1862,1230.52,2025-04-11,P1001
E2863,Employee_1863,1065.45,2025-04-11,P1001
E2864,Employee_1864,905.58,2025-04-04,P1001
E2865,Employee_1865,1160.22,2025-03-29,P1001
E2866,Employee_1866,1024.46,2025-04-14,P1001
E2867,Employee_1867,432.42,2025-04-07,P1001
E2868,Employee_1868,1363.33,2025-04-09,P1001
E2869,Employee_1869,148.95,2025-04-09,P1001
E2870,Employee_1870,344.09,2025-04-11,P1001
E2871,Employee_1871,1187.83,2025-04-21,P1001
E2872,Employee_1872,916.73,2025-03-30,P1001
E2873,Employee_1873,529.81,2025-04-07,P1001
E2874,Employee_1874,478.77,2025-03-28,P1001
E2875,Employee_1875,1017.39,2025-04-10,P1001
E2876,Employee_1876,586.55,2025-04-19,P1001
E2877,Employee_1877,614.87,2025-04-15,P1001
E2878,Employee_1878,613.67,2025-03-25,P1001
E2879,Employee_1879,913.58,2025-04-21,P1001
E2880,Employee_1880,991.8,2025-04-11,P1001
E2881,Employee_1881,1178.51,2025-04-03,P1001
E2882,Employee_1882,891.46,2025-03-29,P1001
E2883,Employee_1883,1131.4,2025-04-04,P1001
E2884,Employee_1884,1362.02,2025-03-24,P1001
E2885,Employee_1885,534.0,2025-04-17,P1001
E2886,Employee_1886,1446.52,2025-03-29,P1001
E2887,Employee_1887,1107.25,2025-03-23,P1001
E2888,Employee_1888,201.4,2025-04-16,P1001
E2889,Employee_1889,866.52,2025-03-26,P1001
E2890,Employee_1890,993.64,2025-04-09,P1001
E2891,Employee_1891,1496.17,2025-03-29,P1001
E2892,Employee_1892,102.06,2025-04-12,P1001
E2893,Employee_1893,300.43,2025-04-01,P1001
E2894,Employee_1894,1242.72,2025-04-18,P1001
E2895,Employee_1895,1096.11,2025-04-16,P1001
E2896,Employee_1896,771.44,2025-03-28,P1001
E2897,Employee_1897,1498.84,2025-04-09,P1001
E2898,Employee_1898,580.65,2025-04-12,P1001
E2899,Employee_1899,686.02,2025-04-11,P1001
E2900,Employee_1900,1320.57,2025-04-17,P1001
E2901,Employee_1901,1036.3,2025-03-27,P1001
E2902,Employee_1902,1169.32,2025-03-27,P1001
E2903,Employee_1903,483.5,2025-04-17,P1001
E2904,Employee_1904,881.66,2025-04-13,P1001
E2905,Employee_1905,1316.95,2025-04-21,P1001
E2906,Employee_1906,289.09,2025-04-06,P1001
E2907,Employee_1907,730.36,2025-04-06,P1001
E2908,Employee_1908,800.18,2025-04-13,P1001
E2909,Employee_1909,200.0,2025-04-01,P1001
E2910,Employee_1910,1233.88,2025-03-29,P1001
E2911,Employee_1911,789.3,2025-04-17,P1001
E2912,Employee_1912,770.94,2025-04-11,P1001
E2913,Employee_1913,721.78,2025-04-01,P1001
E2914,Employee_1914,1189.58,2025-03-23,P1001
E2915,Employee_1915,232.74,2025-03-26,P1001
E2916,Employee_1916,492.06,2025-04-16,P1001
E2917,Employee_1917,1197.69,2025-03-23,P1001
E2918,Employee_1918,1016.29,2025-04-12,P1001
E2919,Employee_1919,121.52,2025-04-02,P1001
E2920,Employee_1920,1063.83,2025-04-09,P1001
E2921,Employee_1921,1473.92,2025-04-09,P1001
E2922,Employee_1922,924.76,2025-04-04,P1001
E2923,Employee_1923,771.55,2025-04-03,P1001
E2924,Employee_1924,326.65,2025-04-05,P1001
E2925,Employee_1925,303.55,2025-04-11,P1001
E2926,Employee_1926,447.17,2025-04-20,P1001
E2927,Employee_1927,731.98,2025-04-04,P1001
E2928,Employee_1928,1048.19,2025-03-25,P1001
E2929,Employee_1929,1115.39,2025-04-19,P1001
E2930,Employee_1930,605.9,2025-04-06,P1001
E2931,Employee_1931,1252.74,2025-04-09,P1001
E2932,Employee_1932,749.61,2025-03-23,P1001
E2933,Employee_1933,550.95,2025-04-03,P1001
E2934,Employee_1934,552.43,2025-04-06,P1001
E2935,Employee_1935,270.16,2025-04-11,P1001
E2936,Employee_1936,512.1,2025-03-26,P1001
E2937,Employee_1937,581.98,2025-04-20,P1001
E2938,Employee_1938,352.59,2025-03-30,P1001
E2939,Employee_1939,796.38,2025-03-31,P1001
E2940,Employee_1940,226.25,2025-04-10,P1001
E2941,Employee_1941,409.98,2025-03-30,P1001
E2942,Employee_1942,1315.75,2025-04-03,P1001
E2943,Employee_1943,620.56,2025-04-08,P1001
E2944,Employee_1944,645.57,2025-04-22,P1001
E2945,Employee_1945,247.05,2025-03-29,P1001
E2946,Employee_1946,328.98,2025-03-31,P1001
E2947,Employee_1947,228.3,2025-04-09,P1001
E2948,Employee_1948,315.82,2025-04-18,P1001
E2949,Employee_1949,1140.39,2025-04-20,P1001
E2950,Employee_1950,713.9,2025-04-04,P1001
E2951,Employee_1951,1008.06,2025-04-05,P1001
E2952,Employee_1952,1100.29,2025-04-05,P1001
E2953,Employee_1953,524.59,2025-04-17,P1001
E2954,Employee_1954,1103.06,2025-04-07,P1001
E2955,Employee_1955,1375.06,2025-04-12,P1001
E2956,Employee_1956,671.55,2025-04-14,P1001
E2957,Employee_1957,1420.55,2025-04-20,P1001
E2958,Employee_1958,146.85,2025-03-23,P1001
E2959,Employee_1959,1138.81,2025-03-25,P1001
E2960,Employee_1960,459.09,2025-04-19,P1001
E2961,Employee_1961,1405.42,2025-03-30,P1001
E2962,Employee_1962,866.13,2025-04-22,P1001
E2963,Employee_1963,588.46,2025-04-09,P1001
E2964,Employee_1964,518.6,2025-03-25,P1001
E2965,Employee_1965,1204.53,2025-04-12,P1001
E2966,Employee_1966,330.47,2025-04-10,P1001
E2967,Employee_1967,214.79,2025-03-27,P1001
E2968,Employee_1968,1408.92,2025-04-05,P1001
E2969,Employee_1969,1008.17,2025-04-17,P1001
E2970,Employee_1970,665.37,2025-03-26,P1001
E2971,Employee_1971,1023.66,2025-04-10,P1001
E2972,Employee_1972,1270.53,2025-04-01,P1001
E2973,Employee_1973,505.92,2025-04-09,P1001
E2974,Employee_1974,577.92,2025-03-26,P1001
E2975,Employee_1975,717.3,2025-04-22,P1001
E2976,Employee_1976,904.34,2025-04-10,P1001
E2977,Employee_1977,1361.32,2025-04-19,P1001
E2978,Employee_1978,188.63,2025-04-20,P1001
E2979,Employee_1979,868.45,2025-04-18,P1001
E2980,Employee_1980,609.43,2025-04-05,P1001
E2981,Employee_1981,144.1,2025-03-30,P1001
E2982,Employee_1982,565.67,2025-04-09,P1001
E2983,Employee_1983,661.59,2025-04-04,P1001
E2984,Employee_1984,1182.25,2025-03-28,P1001
E2985,Employee_1985,717.88,2025-04-06,P1001
E2986,Employee_1986,244.95,2025-03-24,P1001
E2987,Employee_1987,193.38,2025-03-25,P1001
E2988,Employee_1988,710.53,2025-03-28,P1001
E2989,Employee_1989,1180.0,2025-04-01,P1001
E2990,Employee_1990,287.31,2025-04-18,P1001
E2991,Employee_1991,1020.42,2025-03-30,P1001
E2992,Employee_1992,1109.43,2025-03-30,P1001
E2993,Employee_1993,1000.09,2025-03-31,P1001
E2994,Employee_1994,1191.73,2025-04-03,P1001
E2995,Employee_1995,170.72,2025-04-04,P1001
E2996,Employee_1996,398.32,2025-04-03,P1001
E2997,Employee_1997,873.4,2025-04-15,P1001
E2998,Employee_1998,965.6,2025-04-13,P1001
E2999,Employee_1999,406.67,2025-03-26,P1001
