EmployeeID,AccountBalance,LoanOutstanding,LastUpdated,PlanID
E1000,792.11,1923.49,2025-04-23,P1001
E1001,743.71,1084.68,2025-04-23,P1001
E1002,595.75,205.24,2025-04-23,P1001
E1003,985.65,1956.16,2025-04-23,P1001
E1004,1146.8,1478.72,2025-04-23,P1001
E1005,627.17,1834.88,2025-04-23,P1001
E1006,533.9,1382.45,2025-04-23,P1001
E1007,277.38,297.39,2025-04-23,P1001
E1008,778.25,684.67,2025-04-23,P1001
E1009,1173.37,1794.21,2025-04-23,P1001
E1010,1322.66,1060.58,2025-04-23,P1001
E1011,1122.6,1874.32,2025-04-23,P1001
E1012,745.16,346.75,2025-04-23,P1001
E1013,237.29,465.37,2025-04-23,P1001
E1014,271.24,1167.1,2025-04-23,P1001
E1015,109.2,70.31,2025-04-23,P1001
E1016,282.69,911.8,2025-04-23,P1001
E1017,1151.2,847.52,2025-04-23,P1001
E1018,859.26,1007.61,2025-04-23,P1001
E1019,868.61,1879.78,2025-04-23,P1001
E1020,1116.09,779.62,2025-04-23,P1001
E1021,894.83,1469.83,2025-04-23,P1001
E1022,1011.68,302.32,2025-04-23,P1001
E1023,963.54,898.96,2025-04-23,P1001
E1024,1441.39,379.7,2025-04-23,P1001
E1025,681.02,90.4,2025-04-23,P1001
E1026,799.96,1964.03,2025-04-23,P1001
E1027,817.2,1591.74,2025-04-23,P1001
E1028,1362.04,1009.61,2025-04-23,P1001
E1029,118.37,151.93,2025-04-23,P1001
E1030,979.85,691.81,2025-04-23,P1001
E1031,1205.64,1088.1,2025-04-23,P1001
E1032,1258.04,739.69,2025-04-23,P1001
E1033,1126.08,1010.69,2025-04-23,P1001
E1034,501.02,1987.52,2025-04-23,P1001
E1035,1051.78,1894.05,2025-04-23,P1001
E1036,1494.46,342.17,2025-04-23,P1001
E1037,617.89,1364.95,2025-04-23,P1001
E1038,272.87,1688.32,2025-04-23,P1001
E1039,861.94,496.38,2025-04-23,P1001
E1040,354.04,489.34,2025-04-23,P1001
E1041,1197.27,704.79,2025-04-23,P1001
E1042,1299.22,1777.89,2025-04-23,P1001
E1043,1456.39,1534.71,2025-04-23,P1001
E1044,974.29,756.98,2025-04-23,P1001
E1045,339.34,1431.77,2025-04-23,P1001
E1046,1442.76,1341.34,2025-04-23,P1001
E1047,708.36,23.53,2025-04-23,P1001
E1048,532.5,860.41,2025-04-23,P1001
E1049,970.94,1999.23,2025-04-23,P1001
E1050,673.0,1211.73,2025-04-23,P1001
E1051,144.63,1287.65,2025-04-23,P1001
E1052,1075.02,1548.09,2025-04-23,P1001
E1053,1324.34,1008.2,2025-04-23,P1001
E1054,1085.58,1253.1,2025-04-23,P1001
E1055,199.69,596.68,2025-04-23,P1001
E1056,158.42,1391.72,2025-04-23,P1001
E1057,1276.99,1542.07,2025-04-23,P1001
E1058,610.01,800.02,2025-04-23,P1001
E1059,165.07,1059.05,2025-04-23,P1001
E1060,1070.65,1292.15,2025-04-23,P1001
E1061,902.11,534.6,2025-04-23,P1001
E1062,1300.66,484.53,2025-04-23,P1001
E1063,285.26,406.23,2025-04-23,P1001
E1064,726.81,1628.63,2025-04-23,P1001
E1065,777.48,408.35,2025-04-23,P1001
E1066,224.58,1939.77,2025-04-23,P1001
E1067,1197.82,1733.95,2025-04-23,P1001
E1068,1488.8,239.27,2025-04-23,P1001
E1069,859.79,738.69,2025-04-23,P1001
E1070,1397.64,619.08,2025-04-23,P1001
E1071,868.53,1039.1,2025-04-23,P1001
E1072,1241.46,321.27,2025-04-23,P1001
E1073,1131.07,963.6,2025-04-23,P1001
E1074,1001.59,289.16,2025-04-23,P1001
E1075,575.57,424.34,2025-04-23,P1001
E1076,357.76,423.45,2025-04-23,P1001
E1077,1273.68,710.98,2025-04-23,P1001
E1078,648.07,845.8,2025-04-23,P1001
E1079,906.05,183.35,2025-04-23,P1001
E1080,1081.97,83.71,2025-04-23,P1001
E1081,1300.91,1207.09,2025-04-23,P1001
E1082,937.97,1041.35,2025-04-23,P1001
E1083,280.75,542.49,2025-04-23,P1001
E1084,482.59,280.52,2025-04-23,P1001
E1085,229.76,669.0,2025-04-23,P1001
E1086,1495.99,789.57,2025-04-23,P1001
E1087,651.32,1432.87,2025-04-23,P1001
E1088,286.52,1857.93,2025-04-23,P1001
E1089,432.36,1215.73,2025-04-23,P1001
E1090,1009.37,1545.26,2025-04-23,P1001
E1091,1208.32,732.33,2025-04-23,P1001
E1092,1399.52,10.93,2025-04-23,P1001
E1093,150.58,1758.86,2025-04-23,P1001
E1094,523.91,1357.84,2025-04-23,P1001
E1095,460.31,1772.57,2025-04-23,P1001
E1096,613.36,1384.56,2025-04-23,P1001
E1097,1229.22,1100.16,2025-04-23,P1001
E1098,1200.5,1038.37,2025-04-23,P1001
E1099,372.03,1309.48,2025-04-23,P1001
E1100,475.97,1852.54,2025-04-23,P1001
E1101,1194.29,1319.07,2025-04-23,P1001
E1102,233.5,1093.9,2025-04-23,P1001
E1103,1426.46,1414.69,2025-04-23,P1001
E1104,708.86,763.16,2025-04-23,P1001
E1105,968.92,1558.95,2025-04-23,P1001
E1106,1309.72,1854.11,2025-04-23,P1001
E1107,1160.67,1792.52,2025-04-23,P1001
E1108,1124.35,464.71,2025-04-23,P1001
E1109,306.86,1864.11,2025-04-23,P1001
E1110,999.52,1416.41,2025-04-23,P1001
E1111,352.66,1365.28,2025-04-23,P1001
E1112,860.5,1271.67,2025-04-23,P1001
E1113,1130.95,627.47,2025-04-23,P1001
E1114,778.64,1213.54,2025-04-23,P1001
E1115,1030.36,1161.27,2025-04-23,P1001
E1116,1032.34,1828.36,2025-04-23,P1001
E1117,256.74,1422.64,2025-04-23,P1001
E1118,808.09,1498.44,2025-04-23,P1001
E1119,313.97,288.32,2025-04-23,P1001
E1120,1213.7,309.46,2025-04-23,P1001
E1121,1391.81,251.61,2025-04-23,P1001
E1122,1434.72,708.86,2025-04-23,P1001
E1123,366.9,288.9,2025-04-23,P1001
E1124,797.8,399.64,2025-04-23,P1001
E1125,261.17,789.97,2025-04-23,P1001
E1126,1133.63,758.29,2025-04-23,P1001
E1127,554.58,32.4,2025-04-23,P1001
E1128,1211.56,338.24,2025-04-23,P1001
E1129,1185.69,1999.84,2025-04-23,P1001
E1130,413.58,1032.45,2025-04-23,P1001
E1131,142.77,1283.89,2025-04-23,P1001
E1132,272.08,20.01,2025-04-23,P1001
E1133,165.51,1379.54,2025-04-23,P1001
E1134,579.18,493.62,2025-04-23,P1001
E1135,738.65,1221.07,2025-04-23,P1001
E1136,1349.26,828.39,2025-04-23,P1001
E1137,789.8,710.82,2025-04-23,P1001
E1138,666.35,306.0,2025-04-23,P1001
E1139,835.6,1064.11,2025-04-23,P1001
E1140,273.58,388.89,2025-04-23,P1001
E1141,162.4,137.31,2025-04-23,P1001
E1142,611.15,932.79,2025-04-23,P1001
E1143,898.92,141.32,2025-04-23,P1001
E1144,1014.89,769.61,2025-04-23,P1001
E1145,650.51,163.06,2025-04-23,P1001
E1146,1149.03,511.17,2025-04-23,P1001
E1147,1212.82,714.7,2025-04-23,P1001
E1148,503.33,536.37,2025-04-23,P1001
E1149,576.65,1451.17,2025-04-23,P1001
E1150,1499.82,1739.88,2025-04-23,P1001
E1151,393.59,10.96,2025-04-23,P1001
E1152,1404.21,534.91,2025-04-23,P1001
E1153,944.22,119.38,2025-04-23,P1001
E1154,399.19,465.07,2025-04-23,P1001
E1155,1404.93,915.55,2025-04-23,P1001
E1156,1093.19,499.02,2025-04-23,P1001
E1157,1283.87,1149.28,2025-04-23,P1001
E1158,673.26,1167.67,2025-04-23,P1001
E1159,1459.13,894.65,2025-04-23,P1001
E1160,1052.98,1333.64,2025-04-23,P1001
E1161,602.99,1206.12,2025-04-23,P1001
E1162,770.8,155.0,2025-04-23,P1001
E1163,1205.99,1871.72,2025-04-23,P1001
E1164,1233.06,1653.91,2025-04-23,P1001
E1165,1439.19,428.29,2025-04-23,P1001
E1166,161.53,1603.32,2025-04-23,P1001
E1167,309.6,83.18,2025-04-23,P1001
E1168,581.04,1018.49,2025-04-23,P1001
E1169,937.81,1509.36,2025-04-23,P1001
E1170,1258.35,477.73,2025-04-23,P1001
E1171,1079.89,287.36,2025-04-23,P1001
E1172,1434.56,677.24,2025-04-23,P1001
E1173,531.62,627.05,2025-04-23,P1001
E1174,1218.16,430.72,2025-04-23,P1001
E1175,945.11,1474.95,2025-04-23,P1001
E1176,1090.49,1161.71,2025-04-23,P1001
E1177,696.26,991.32,2025-04-23,P1001
E1178,1377.16,1134.9,2025-04-23,P1001
E1179,517.85,925.49,2025-04-23,P1001
E1180,1439.99,118.19,2025-04-23,P1001
E1181,107.0,153.21,2025-04-23,P1001
E1182,125.2,1221.2,2025-04-23,P1001
E1183,867.52,133.19,2025-04-23,P1001
E1184,768.67,1769.72,2025-04-23,P1001
E1185,820.39,1091.96,2025-04-23,P1001
E1186,459.56,240.15,2025-04-23,P1001
E1187,286.27,1055.6,2025-04-23,P1001
E1188,1242.85,1841.99,2025-04-23,P1001
E1189,1089.01,1598.82,2025-04-23,P1001
E1190,1104.57,1874.46,2025-04-23,P1001
E1191,187.71,908.05,2025-04-23,P1001
E1192,451.42,1333.33,2025-04-23,P1001
E1193,1332.96,1275.39,2025-04-23,P1001
E1194,107.62,1942.43,2025-04-23,P1001
E1195,426.09,1996.02,2025-04-23,P1001
E1196,1026.8,461.34,2025-04-23,P1001
E1197,1041.47,392.84,2025-04-23,P1001
E1198,1072.09,1932.61,2025-04-23,P1001
E1199,949.96,741.81,2025-04-23,P1001
E1200,743.49,1075.19,2025-04-23,P1001
E1201,535.74,1921.27,2025-04-23,P1001
E1202,519.03,1326.61,2025-04-23,P1001
E1203,1416.25,1683.95,2025-04-23,P1001
E1204,261.4,1415.27,2025-04-23,P1001
E1205,536.63,1214.15,2025-04-23,P1001
E1206,1141.78,1264.12,2025-04-23,P1001
E1207,470.33,571.13,2025-04-23,P1001
E1208,531.81,616.92,2025-04-23,P1001
E1209,1359.11,1946.04,2025-04-23,P1001
E1210,254.2,1216.62,2025-04-23,P1001
E1211,406.75,1416.02,2025-04-23,P1001
E1212,549.38,734.1,2025-04-23,P1001
E1213,817.54,950.06,2025-04-23,P1001
E1214,1295.06,266.64,2025-04-23,P1001
E1215,899.92,882.95,2025-04-23,P1001
E1216,1089.98,1698.18,2025-04-23,P1001
E1217,1326.22,132.75,2025-04-23,P1001
E1218,1458.37,1553.66,2025-04-23,P1001
E1219,258.33,820.64,2025-04-23,P1001
E1220,964.51,727.44,2025-04-23,P1001
E1221,1498.08,1797.3,2025-04-23,P1001
E1222,311.05,1603.95,2025-04-23,P1001
E1223,1142.54,1653.04,2025-04-23,P1001
E1224,350.15,522.08,2025-04-23,P1001
E1225,1114.25,203.69,2025-04-23,P1001
E1226,763.46,1598.61,2025-04-23,P1001
E1227,1397.35,502.94,2025-04-23,P1001
E1228,1165.0,245.83,2025-04-23,P1001
E1229,766.3,169.26,2025-04-23,P1001
E1230,1034.57,1745.96,2025-04-23,P1001
E1231,1195.58,961.89,2025-04-23,P1001
E1232,258.25,1288.6,2025-04-23,P1001
E1233,1484.19,1372.63,2025-04-23,P1001
E1234,241.84,1196.9,2025-04-23,P1001
E1235,778.04,460.5,2025-04-23,P1001
E1236,1309.17,1703.08,2025-04-23,P1001
E1237,942.91,657.29,2025-04-23,P1001
E1238,1192.92,1881.98,2025-04-23,P1001
E1239,1041.84,477.45,2025-04-23,P1001
E1240,427.02,50.04,2025-04-23,P1001
E1241,1139.06,70.99,2025-04-23,P1001
E1242,634.0,1789.53,2025-04-23,P1001
E1243,674.6,1100.09,2025-04-23,P1001
E1244,535.89,1256.35,2025-04-23,P1001
E1245,1273.4,1216.78,2025-04-23,P1001
E1246,863.64,1868.01,2025-04-23,P1001
E1247,641.01,1704.09,2025-04-23,P1001
E1248,1288.45,1060.88,2025-04-23,P1001
E1249,887.09,1691.42,2025-04-23,P1001
E1250,138.76,177.77,2025-04-23,P1001
E1251,444.5,676.18,2025-04-23,P1001
E1252,300.7,1433.98,2025-04-23,P1001
E1253,969.33,476.08,2025-04-23,P1001
E1254,1298.0,1147.58,2025-04-23,P1001
E1255,1107.98,552.45,2025-04-23,P1001
E1256,1156.23,536.11,2025-04-23,P1001
E1257,1143.41,1194.2,2025-04-23,P1001
E1258,713.8,1555.71,2025-04-23,P1001
E1259,927.86,1023.72,2025-04-23,P1001
E1260,410.35,853.43,2025-04-23,P1001
E1261,107.02,1388.77,2025-04-23,P1001
E1262,214.53,1729.76,2025-04-23,P1001
E1263,1058.05,311.16,2025-04-23,P1001
E1264,121.31,565.84,2025-04-23,P1001
E1265,1212.79,1038.18,2025-04-23,P1001
E1266,230.04,746.0,2025-04-23,P1001
E1267,630.61,690.1,2025-04-23,P1001
E1268,201.93,186.89,2025-04-23,P1001
E1269,144.84,794.14,2025-04-23,P1001
E1270,613.15,1206.92,2025-04-23,P1001
E1271,354.0,222.69,2025-04-23,P1001
E1272,1099.7,1203.65,2025-04-23,P1001
E1273,992.5,1749.44,2025-04-23,P1001
E1274,852.65,1637.27,2025-04-23,P1001
E1275,1418.85,418.53,2025-04-23,P1001
E1276,479.43,1748.42,2025-04-23,P1001
E1277,592.35,627.65,2025-04-23,P1001
E1278,222.24,1545.55,2025-04-23,P1001
E1279,1038.75,566.22,2025-04-23,P1001
E1280,940.06,1010.9,2025-04-23,P1001
E1281,114.61,1301.32,2025-04-23,P1001
E1282,916.66,748.18,2025-04-23,P1001
E1283,976.02,781.38,2025-04-23,P1001
E1284,486.64,11.54,2025-04-23,P1001
E1285,361.0,974.14,2025-04-23,P1001
E1286,482.2,680.18,2025-04-23,P1001
E1287,200.05,53.23,2025-04-23,P1001
E1288,1123.47,542.16,2025-04-23,P1001
E1289,736.66,170.37,2025-04-23,P1001
E1290,1198.89,1357.73,2025-04-23,P1001
E1291,316.06,523.44,2025-04-23,P1001
E1292,1355.65,1030.98,2025-04-23,P1001
E1293,504.54,424.84,2025-04-23,P1001
E1294,983.7,1321.9,2025-04-23,P1001
E1295,261.27,410.79,2025-04-23,P1001
E1296,1224.31,1074.15,2025-04-23,P1001
E1297,214.87,904.21,2025-04-23,P1001
E1298,886.04,1082.06,2025-04-23,P1001
E1299,459.18,1168.02,2025-04-23,P1001
E1300,1312.54,989.0,2025-04-23,P1001
E1301,1262.04,740.46,2025-04-23,P1001
E1302,1069.41,225.74,2025-04-23,P1001
E1303,572.23,58.45,2025-04-23,P1001
E1304,1310.79,1741.88,2025-04-23,P1001
E1305,270.92,775.49,2025-04-23,P1001
E1306,1488.17,1306.97,2025-04-23,P1001
E1307,248.69,1051.62,2025-04-23,P1001
E1308,680.11,1037.25,2025-04-23,P1001
E1309,1191.57,1859.89,2025-04-23,P1001
E1310,210.36,704.86,2025-04-23,P1001
E1311,283.31,1865.33,2025-04-23,P1001
E1312,1066.19,39.04,2025-04-23,P1001
E1313,831.36,1997.02,2025-04-23,P1001
E1314,878.76,452.84,2025-04-23,P1001
E1315,659.18,498.6,2025-04-23,P1001
E1316,336.31,1481.7,2025-04-23,P1001
E1317,1065.86,30.13,2025-04-23,P1001
E1318,653.27,1297.68,2025-04-23,P1001
E1319,1195.27,1444.96,2025-04-23,P1001
E1320,920.85,1835.62,2025-04-23,P1001
E1321,837.55,1130.38,2025-04-23,P1001
E1322,1264.21,1733.62,2025-04-23,P1001
E1323,783.07,608.47,2025-04-23,P1001
E1324,508.9,1737.05,2025-04-23,P1001
E1325,1482.12,1684.42,2025-04-23,P1001
E1326,1498.25,1700.1,2025-04-23,P1001
E1327,130.11,242.16,2025-04-23,P1001
E1328,886.37,1673.55,2025-04-23,P1001
E1329,1087.69,1830.92,2025-04-23,P1001
E1330,814.55,364.45,2025-04-23,P1001
E1331,167.77,421.56,2025-04-23,P1001
E1332,679.88,945.38,2025-04-23,P1001
E1333,1193.5,403.02,2025-04-23,P1001
E1334,907.32,637.68,2025-04-23,P1001
E1335,836.42,1928.32,2025-04-23,P1001
E1336,1417.21,1004.45,2025-04-23,P1001
E1337,861.61,1785.44,2025-04-23,P1001
E1338,162.7,361.24,2025-04-23,P1001
E1339,1016.63,1131.56,2025-04-23,P1001
E1340,1242.5,1154.21,2025-04-23,P1001
E1341,624.97,1919.81,2025-04-23,P1001
E1342,1422.78,1652.46,2025-04-23,P1001
E1343,599.68,651.8,2025-04-23,P1001
E1344,305.59,219.23,2025-04-23,P1001
E1345,599.11,737.31,2025-04-23,P1001
E1346,662.32,686.32,2025-04-23,P1001
E1347,312.51,1172.69,2025-04-23,P1001
E1348,488.13,1582.75,2025-04-23,P1001
E1349,965.92,1034.37,2025-04-23,P1001
E1350,1436.52,1895.97,2025-04-23,P1001
E1351,205.25,1582.76,2025-04-23,P1001
E1352,626.03,1886.77,2025-04-23,P1001
E1353,255.83,1709.69,2025-04-23,P1001
E1354,713.16,872.37,2025-04-23,P1001
E1355,969.67,1641.81,2025-04-23,P1001
E1356,1015.97,1311.88,2025-04-23,P1001
E1357,955.23,1175.49,2025-04-23,P1001
E1358,872.58,1441.69,2025-04-23,P1001
E1359,1494.0,1819.69,2025-04-23,P1001
E1360,872.81,1331.61,2025-04-23,P1001
E1361,1009.51,1061.55,2025-04-23,P1001
E1362,1155.12,1312.84,2025-04-23,P1001
E1363,137.45,1260.0,2025-04-23,P1001
E1364,702.5,834.07,2025-04-23,P1001
E1365,581.27,486.7,2025-04-23,P1001
E1366,1148.31,1798.71,2025-04-23,P1001
E1367,1260.36,778.89,2025-04-23,P1001
E1368,907.71,522.41,2025-04-23,P1001
E1369,1176.59,227.5,2025-04-23,P1001
E1370,661.83,1649.55,2025-04-23,P1001
E1371,1343.43,1640.31,2025-04-23,P1001
E1372,1127.53,836.84,2025-04-23,P1001
E1373,369.29,1458.59,2025-04-23,P1001
E1374,1407.67,620.33,2025-04-23,P1001
E1375,1396.35,355.36,2025-04-23,P1001
E1376,799.49,208.88,2025-04-23,P1001
E1377,707.29,1283.15,2025-04-23,P1001
E1378,422.86,58.98,2025-04-23,P1001
E1379,999.74,1836.79,2025-04-23,P1001
E1380,170.88,1430.35,2025-04-23,P1001
E1381,1087.95,532.36,2025-04-23,P1001
E1382,1341.72,1818.75,2025-04-23,P1001
E1383,899.63,888.61,2025-04-23,P1001
E1384,1337.3,1641.6,2025-04-23,P1001
E1385,702.72,404.34,2025-04-23,P1001
E1386,1075.02,1490.9,2025-04-23,P1001
E1387,337.35,1771.0,2025-04-23,P1001
E1388,137.03,132.09,2025-04-23,P1001
E1389,671.04,1989.1,2025-04-23,P1001
E1390,688.03,484.69,2025-04-23,P1001
E1391,441.82,1028.68,2025-04-23,P1001
E1392,1255.38,1244.61,2025-04-23,P1001
E1393,756.01,213.45,2025-04-23,P1001
E1394,874.32,1869.36,2025-04-23,P1001
E1395,297.73,414.98,2025-04-23,P1001
E1396,987.41,938.4,2025-04-23,P1001
E1397,258.03,1818.32,2025-04-23,P1001
E1398,273.88,411.17,2025-04-23,P1001
E1399,909.36,1160.26,2025-04-23,P1001
E1400,521.72,819.87,2025-04-23,P1001
E1401,1498.33,955.12,2025-04-23,P1001
E1402,1224.71,767.36,2025-04-23,P1001
E1403,1151.03,1886.5,2025-04-23,P1001
E1404,673.48,1597.89,2025-04-23,P1001
E1405,1150.87,1717.62,2025-04-23,P1001
E1406,902.09,330.71,2025-04-23,P1001
E1407,639.01,1664.84,2025-04-23,P1001
E1408,1110.65,263.38,2025-04-23,P1001
E1409,1463.46,875.18,2025-04-23,P1001
E1410,1448.88,1846.98,2025-04-23,P1001
E1411,295.11,590.96,2025-04-23,P1001
E1412,1198.68,714.94,2025-04-23,P1001
E1413,762.64,608.57,2025-04-23,P1001
E1414,419.33,1896.6,2025-04-23,P1001
E1415,851.95,206.01,2025-04-23,P1001
E1416,415.46,922.07,2025-04-23,P1001
E1417,591.37,214.92,2025-04-23,P1001
E1418,502.44,1794.14,2025-04-23,P1001
E1419,1240.78,1846.29,2025-04-23,P1001
E1420,938.62,623.53,2025-04-23,P1001
E1421,547.19,185.22,2025-04-23,P1001
E1422,949.74,1383.65,2025-04-23,P1001
E1423,563.61,308.5,2025-04-23,P1001
E1424,918.81,717.68,2025-04-23,P1001
E1425,1165.93,1954.28,2025-04-23,P1001
E1426,247.07,194.37,2025-04-23,P1001
E1427,289.17,99.98,2025-04-23,P1001
E1428,1116.73,1607.75,2025-04-23,P1001
E1429,864.44,1011.54,2025-04-23,P1001
E1430,250.55,1099.21,2025-04-23,P1001
E1431,262.72,120.15,2025-04-23,P1001
E1432,1155.82,445.46,2025-04-23,P1001
E1433,1038.22,1677.46,2025-04-23,P1001
E1434,323.89,362.99,2025-04-23,P1001
E1435,477.72,305.99,2025-04-23,P1001
E1436,564.94,1078.49,2025-04-23,P1001
E1437,401.4,1476.84,2025-04-23,P1001
E1438,687.04,1350.44,2025-04-23,P1001
E1439,312.29,1914.59,2025-04-23,P1001
E1440,656.04,384.23,2025-04-23,P1001
E1441,475.4,1216.94,2025-04-23,P1001
E1442,513.27,738.36,2025-04-23,P1001
E1443,1391.42,1100.29,2025-04-23,P1001
E1444,1209.99,1018.91,2025-04-23,P1001
E1445,678.68,1880.47,2025-04-23,P1001
E1446,1449.22,1808.83,2025-04-23,P1001
E1447,1332.38,725.41,2025-04-23,P1001
E1448,236.7,592.44,2025-04-23,P1001
E1449,413.35,1027.71,2025-04-23,P1001
E1450,1178.69,1527.59,2025-04-23,P1001
E1451,1425.09,316.6,2025-04-23,P1001
E1452,652.45,1552.33,2025-04-23,P1001
E1453,747.65,1072.09,2025-04-23,P1001
E1454,499.96,1109.23,2025-04-23,P1001
E1455,1175.19,877.4,2025-04-23,P1001
E1456,1204.31,226.15,2025-04-23,P1001
E1457,180.43,351.3,2025-04-23,P1001
E1458,1452.73,196.27,2025-04-23,P1001
E1459,186.0,1879.33,2025-04-23,P1001
E1460,650.07,549.0,2025-04-23,P1001
E1461,819.26,500.64,2025-04-23,P1001
E1462,869.92,530.87,2025-04-23,P1001
E1463,320.93,467.5,2025-04-23,P1001
E1464,1019.35,522.96,2025-04-23,P1001
E1465,1323.4,1493.2,2025-04-23,P1001
E1466,830.74,835.02,2025-04-23,P1001
E1467,1433.66,374.36,2025-04-23,P1001
E1468,1206.93,1853.27,2025-04-23,P1001
E1469,693.74,436.52,2025-04-23,P1001
E1470,1380.48,839.94,2025-04-23,P1001
E1471,1074.15,821.75,2025-04-23,P1001
E1472,1383.81,793.15,2025-04-23,P1001
E1473,785.01,769.3,2025-04-23,P1001
E1474,1030.5,308.96,2025-04-23,P1001
E1475,112.05,251.08,2025-04-23,P1001
E1476,1171.95,1013.62,2025-04-23,P1001
E1477,1298.28,259.12,2025-04-23,P1001
E1478,1169.47,384.66,2025-04-23,P1001
E1479,499.59,403.94,2025-04-23,P1001
E1480,136.74,1533.55,2025-04-23,P1001
E1481,538.82,1076.23,2025-04-23,P1001
E1482,369.17,236.22,2025-04-23,P1001
E1483,1002.07,164.87,2025-04-23,P1001
E1484,1230.12,537.55,2025-04-23,P1001
E1485,506.07,687.37,2025-04-23,P1001
E1486,939.43,1416.3,2025-04-23,P1001
E1487,1294.98,1854.29,2025-04-23,P1001
E1488,515.47,1097.69,2025-04-23,P1001
E1489,1386.72,1274.5,2025-04-23,P1001
E1490,710.0,338.47,2025-04-23,P1001
E1491,1355.37,1633.9,2025-04-23,P1001
E1492,642.32,1906.23,2025-04-23,P1001
E1493,565.32,703.54,2025-04-23,P1001
E1494,237.41,1660.03,2025-04-23,P1001
E1495,683.88,704.55,2025-04-23,P1001
E1496,632.89,820.5,2025-04-23,P1001
E1497,1147.97,724.7,2025-04-23,P1001
E1498,624.6,1284.95,2025-04-23,P1001
E1499,1036.2,1140.85,2025-04-23,P1001
E1500,1138.89,1607.1,2025-04-23,P1001
E1501,563.66,1892.75,2025-04-23,P1001
E1502,300.61,1030.42,2025-04-23,P1001
E1503,364.08,270.87,2025-04-23,P1001
E1504,691.74,1244.87,2025-04-23,P1001
E1505,831.37,753.22,2025-04-23,P1001
E1506,604.71,72.78,2025-04-23,P1001
E1507,1270.77,1832.15,2025-04-23,P1001
E1508,283.95,1696.79,2025-04-23,P1001
E1509,1018.25,386.81,2025-04-23,P1001
E1510,1278.57,225.89,2025-04-23,P1001
E1511,482.75,321.96,2025-04-23,P1001
E1512,427.35,1868.44,2025-04-23,P1001
E1513,290.23,303.48,2025-04-23,P1001
E1514,782.42,436.19,2025-04-23,P1001
E1515,982.39,1600.43,2025-04-23,P1001
E1516,1303.01,1118.49,2025-04-23,P1001
E1517,1472.31,1668.08,2025-04-23,P1001
E1518,970.53,226.23,2025-04-23,P1001
E1519,1061.63,466.49,2025-04-23,P1001
E1520,721.57,1430.71,2025-04-23,P1001
E1521,203.94,238.89,2025-04-23,P1001
E1522,680.07,926.39,2025-04-23,P1001
E1523,1243.77,779.56,2025-04-23,P1001
E1524,1378.15,1861.52,2025-04-23,P1001
E1525,951.28,1258.27,2025-04-23,P1001
E1526,1157.24,1119.58,2025-04-23,P1001
E1527,543.15,1538.94,2025-04-23,P1001
E1528,940.87,206.09,2025-04-23,P1001
E1529,283.84,1266.77,2025-04-23,P1001
E1530,479.74,1825.27,2025-04-23,P1001
E1531,532.72,1552.14,2025-04-23,P1001
E1532,1471.86,1468.77,2025-04-23,P1001
E1533,627.67,434.67,2025-04-23,P1001
E1534,106.89,1443.83,2025-04-23,P1001
E1535,1497.16,1642.4,2025-04-23,P1001
E1536,1038.49,22.22,2025-04-23,P1001
E1537,1212.71,989.84,2025-04-23,P1001
E1538,304.61,878.07,2025-04-23,P1001
E1539,299.59,117.61,2025-04-23,P1001
E1540,1340.31,1063.26,2025-04-23,P1001
E1541,552.57,105.33,2025-04-23,P1001
E1542,1272.46,996.08,2025-04-23,P1001
E1543,1084.78,1735.73,2025-04-23,P1001
E1544,1237.69,1829.58,2025-04-23,P1001
E1545,1412.5,848.86,2025-04-23,P1001
E1546,619.4,485.06,2025-04-23,P1001
E1547,879.42,1414.21,2025-04-23,P1001
E1548,1485.73,1323.28,2025-04-23,P1001
E1549,303.78,1380.05,2025-04-23,P1001
E1550,542.67,796.13,2025-04-23,P1001
E1551,1426.91,1294.08,2025-04-23,P1001
E1552,262.86,41.32,2025-04-23,P1001
E1553,319.37,571.38,2025-04-23,P1001
E1554,908.33,1259.67,2025-04-23,P1001
E1555,985.26,189.69,2025-04-23,P1001
E1556,246.18,880.22,2025-04-23,P1001
E1557,564.15,1803.17,2025-04-23,P1001
E1558,1262.86,1694.91,2025-04-23,P1001
E1559,753.53,169.4,2025-04-23,P1001
E1560,165.38,126.43,2025-04-23,P1001
E1561,1384.42,481.45,2025-04-23,P1001
E1562,1071.65,1144.07,2025-04-23,P1001
E1563,1176.28,540.33,2025-04-23,P1001
E1564,389.42,41.14,2025-04-23,P1001
E1565,98.19,1004.2,2025-04-23,P1001
E1566,1018.34,357.58,2025-04-23,P1001
E1567,1022.55,956.1,2025-04-23,P1001
E1568,1306.08,1621.63,2025-04-23,P1001
E1569,800.61,148.14,2025-04-23,P1001
E1570,1184.23,1620.54,2025-04-23,P1001
E1571,1068.58,1087.97,2025-04-23,P1001
E1572,547.34,1056.61,2025-04-23,P1001
E1573,731.85,1266.66,2025-04-23,P1001
E1574,653.97,442.89,2025-04-23,P1001
E1575,1041.08,1656.93,2025-04-23,P1001
E1576,1373.23,1709.24,2025-04-23,P1001
E1577,1167.91,1029.44,2025-04-23,P1001
E1578,1340.88,1622.59,2025-04-23,P1001
E1579,1327.24,1927.01,2025-04-23,P1001
E1580,169.37,1556.41,2025-04-23,P1001
E1581,469.55,90.79,2025-04-23,P1001
E1582,292.84,929.76,2025-04-23,P1001
E1583,1001.95,1495.99,2025-04-23,P1001
E1584,1492.8,1475.21,2025-04-23,P1001
E1585,98.41,650.91,2025-04-23,P1001
E1586,200.91,1955.7,2025-04-23,P1001
E1587,903.02,170.53,2025-04-23,P1001
E1588,393.51,1311.43,2025-04-23,P1001
E1589,976.59,795.7,2025-04-23,P1001
E1590,110.73,1868.0,2025-04-23,P1001
E1591,856.74,1925.81,2025-04-23,P1001
E1592,1329.06,1815.17,2025-04-23,P1001
E1593,774.21,630.23,2025-04-23,P1001
E1594,1068.55,1253.58,2025-04-23,P1001
E1595,1456.52,1977.39,2025-04-23,P1001
E1596,194.0,758.53,2025-04-23,P1001
E1597,1399.44,1914.91,2025-04-23,P1001
E1598,1072.55,1566.95,2025-04-23,P1001
E1599,123.08,1020.17,2025-04-23,P1001
E1600,165.65,1060.07,2025-04-23,P1001
E1601,1026.6,32.4,2025-04-23,P1001
E1602,1096.08,290.47,2025-04-23,P1001
E1603,1223.99,399.15,2025-04-23,P1001
E1604,172.63,911.48,2025-04-23,P1001
E1605,979.25,422.97,2025-04-23,P1001
E1606,1142.75,1843.13,2025-04-23,P1001
E1607,258.27,874.87,2025-04-23,P1001
E1608,740.65,1123.27,2025-04-23,P1001
E1609,727.1,695.1,2025-04-23,P1001
E1610,244.17,1183.08,2025-04-23,P1001
E1611,142.45,80.57,2025-04-23,P1001
E1612,1189.18,1455.58,2025-04-23,P1001
E1613,506.22,1334.59,2025-04-23,P1001
E1614,145.61,1703.24,2025-04-23,P1001
E1615,1269.04,26.13,2025-04-23,P1001
E1616,552.81,279.5,2025-04-23,P1001
E1617,561.91,1842.77,2025-04-23,P1001
E1618,387.5,39.02,2025-04-23,P1001
E1619,1278.01,817.69,2025-04-23,P1001
E1620,929.84,1579.76,2025-04-23,P1001
E1621,526.53,197.66,2025-04-23,P1001
E1622,726.32,1521.74,2025-04-23,P1001
E1623,1156.68,545.51,2025-04-23,P1001
E1624,333.45,219.45,2025-04-23,P1001
E1625,373.48,517.67,2025-04-23,P1001
E1626,1072.42,872.24,2025-04-23,P1001
E1627,869.61,535.93,2025-04-23,P1001
E1628,692.53,45.16,2025-04-23,P1001
E1629,1111.74,582.87,2025-04-23,P1001
E1630,1219.11,1225.5,2025-04-23,P1001
E1631,1229.1,549.51,2025-04-23,P1001
E1632,825.58,170.86,2025-04-23,P1001
E1633,630.21,1890.11,2025-04-23,P1001
E1634,350.48,1559.94,2025-04-23,P1001
E1635,1467.02,821.26,2025-04-23,P1001
E1636,873.54,357.9,2025-04-23,P1001
E1637,694.55,983.75,2025-04-23,P1001
E1638,1067.07,1778.21,2025-04-23,P1001
E1639,994.21,240.13,2025-04-23,P1001
E1640,310.16,428.02,2025-04-23,P1001
E1641,1469.77,414.47,2025-04-23,P1001
E1642,753.77,205.27,2025-04-23,P1001
E1643,351.62,529.79,2025-04-23,P1001
E1644,641.39,1776.43,2025-04-23,P1001
E1645,306.9,1002.63,2025-04-23,P1001
E1646,663.86,174.42,2025-04-23,P1001
E1647,1049.59,556.11,2025-04-23,P1001
E1648,725.05,676.3,2025-04-23,P1001
E1649,438.51,984.03,2025-04-23,P1001
E1650,323.77,989.66,2025-04-23,P1001
E1651,1330.99,1147.79,2025-04-23,P1001
E1652,905.87,930.44,2025-04-23,P1001
E1653,185.66,1783.87,2025-04-23,P1001
E1654,1473.93,29.1,2025-04-23,P1001
E1655,1180.99,178.7,2025-04-23,P1001
E1656,514.27,626.94,2025-04-23,P1001
E1657,1362.92,1742.29,2025-04-23,P1001
E1658,435.57,1538.24,2025-04-23,P1001
E1659,1027.23,1265.91,2025-04-23,P1001
E1660,434.91,438.28,2025-04-23,P1001
E1661,1010.82,1383.93,2025-04-23,P1001
E1662,646.32,1200.21,2025-04-23,P1001
E1663,1109.42,1683.05,2025-04-23,P1001
E1664,1363.83,276.98,2025-04-23,P1001
E1665,244.85,1111.56,2025-04-23,P1001
E1666,205.32,1645.27,2025-04-23,P1001
E1667,1071.94,0.69,2025-04-23,P1001
E1668,1092.79,936.62,2025-04-23,P1001
E1669,958.09,1804.79,2025-04-23,P1001
E1670,550.71,1200.79,2025-04-23,P1001
E1671,503.95,962.25,2025-04-23,P1001
E1672,569.85,836.6,2025-04-23,P1001
E1673,1003.81,488.28,2025-04-23,P1001
E1674,1098.6,349.88,2025-04-23,P1001
E1675,398.95,228.15,2025-04-23,P1001
E1676,1225.36,399.66,2025-04-23,P1001
E1677,472.54,1586.29,2025-04-23,P1001
E1678,1058.37,209.22,2025-04-23,P1001
E1679,401.51,767.74,2025-04-23,P1001
E1680,1329.38,1729.44,2025-04-23,P1001
E1681,1075.22,1784.16,2025-04-23,P1001
E1682,144.12,1677.99,2025-04-23,P1001
E1683,438.77,1568.82,2025-04-23,P1001
E1684,1225.01,88.47,2025-04-23,P1001
E1685,451.98,1332.44,2025-04-23,P1001
E1686,997.51,800.34,2025-04-23,P1001
E1687,961.8,537.37,2025-04-23,P1001
E1688,250.13,753.24,2025-04-23,P1001
E1689,735.53,1853.36,2025-04-23,P1001
E1690,453.22,505.24,2025-04-23,P1001
E1691,1193.1,577.41,2025-04-23,P1001
E1692,443.5,960.36,2025-04-23,P1001
E1693,595.53,166.62,2025-04-23,P1001
E1694,477.19,183.13,2025-04-23,P1001
E1695,1106.56,1666.65,2025-04-23,P1001
E1696,942.0,449.05,2025-04-23,P1001
E1697,1456.11,1860.26,2025-04-23,P1001
E1698,839.33,1889.14,2025-04-23,P1001
E1699,397.13,319.42,2025-04-23,P1001
E1700,937.22,709.46,2025-04-23,P1001
E1701,1047.97,945.48,2025-04-23,P1001
E1702,581.75,949.15,2025-04-23,P1001
E1703,201.26,1609.56,2025-04-23,P1001
E1704,436.78,1155.32,2025-04-23,P1001
E1705,1367.58,1428.23,2025-04-23,P1001
E1706,1097.17,998.5,2025-04-23,P1001
E1707,1461.26,1273.21,2025-04-23,P1001
E1708,1057.04,844.76,2025-04-23,P1001
E1709,1091.84,635.47,2025-04-23,P1001
E1710,720.14,1396.75,2025-04-23,P1001
E1711,156.65,1075.39,2025-04-23,P1001
E1712,1263.49,273.33,2025-04-23,P1001
E1713,1363.36,885.1,2025-04-23,P1001
E1714,712.89,1805.07,2025-04-23,P1001
E1715,253.44,1699.64,2025-04-23,P1001
E1716,712.57,1684.48,2025-04-23,P1001
E1717,714.59,154.92,2025-04-23,P1001
E1718,737.26,720.03,2025-04-23,P1001
E1719,1212.42,570.27,2025-04-23,P1001
E1720,557.44,92.09,2025-04-23,P1001
E1721,1037.92,1112.31,2025-04-23,P1001
E1722,1268.34,15.68,2025-04-23,P1001
E1723,443.38,1581.03,2025-04-23,P1001
E1724,1106.68,1866.02,2025-04-23,P1001
E1725,558.68,583.49,2025-04-23,P1001
E1726,1332.72,1413.8,2025-04-23,P1001
E1727,808.48,157.13,2025-04-23,P1001
E1728,1438.96,1957.54,2025-04-23,P1001
E1729,204.41,155.1,2025-04-23,P1001
E1730,880.06,1833.34,2025-04-23,P1001
E1731,1495.04,740.26,2025-04-23,P1001
E1732,1441.86,1599.92,2025-04-23,P1001
E1733,1062.13,1266.53,2025-04-23,P1001
E1734,1168.48,1783.54,2025-04-23,P1001
E1735,1207.35,799.42,2025-04-23,P1001
E1736,408.52,361.05,2025-04-23,P1001
E1737,1045.93,1042.58,2025-04-23,P1001
E1738,468.94,1300.23,2025-04-23,P1001
E1739,419.59,954.78,2025-04-23,P1001
E1740,1077.42,737.27,2025-04-23,P1001
E1741,973.48,1563.45,2025-04-23,P1001
E1742,1184.75,633.78,2025-04-23,P1001
E1743,1281.7,82.85,2025-04-23,P1001
E1744,358.61,8.74,2025-04-23,P1001
E1745,1007.35,1291.4,2025-04-23,P1001
E1746,1343.82,618.53,2025-04-23,P1001
E1747,315.61,1282.99,2025-04-23,P1001
E1748,1220.4,1025.08,2025-04-23,P1001
E1749,1462.75,1785.18,2025-04-23,P1001
E1750,1224.6,610.18,2025-04-23,P1001
E1751,614.94,1710.57,2025-04-23,P1001
E1752,765.04,254.75,2025-04-23,P1001
E1753,1463.37,1930.35,2025-04-23,P1001
E1754,1355.89,41.49,2025-04-23,P1001
E1755,539.13,71.42,2025-04-23,P1001
E1756,1099.76,1727.97,2025-04-23,P1001
E1757,1045.36,27.74,2025-04-23,P1001
E1758,1272.42,1446.85,2025-04-23,P1001
E1759,555.26,893.59,2025-04-23,P1001
E1760,1196.6,744.9,2025-04-23,P1001
E1761,1314.34,883.27,2025-04-23,P1001
E1762,775.85,1805.37,2025-04-23,P1001
E1763,676.06,3.24,2025-04-23,P1001
E1764,266.94,1096.63,2025-04-23,P1001
E1765,1494.2,1611.74,2025-04-23,P1001
E1766,1054.31,1301.28,2025-04-23,P1001
E1767,151.45,306.19,2025-04-23,P1001
E1768,594.57,1441.15,2025-04-23,P1001
E1769,1014.04,1436.69,2025-04-23,P1001
E1770,1255.15,1097.96,2025-04-23,P1001
E1771,884.35,1215.23,2025-04-23,P1001
E1772,110.9,84.95,2025-04-23,P1001
E1773,488.77,1236.1,2025-04-23,P1001
E1774,293.04,694.02,2025-04-23,P1001
E1775,308.66,1900.16,2025-04-23,P1001
E1776,1415.45,400.62,2025-04-23,P1001
E1777,122.47,1607.63,2025-04-23,P1001
E1778,1011.01,601.07,2025-04-23,P1001
E1779,776.26,1654.95,2025-04-23,P1001
E1780,231.14,1356.91,2025-04-23,P1001
E1781,744.04,215.15,2025-04-23,P1001
E1782,773.2,1952.99,2025-04-23,P1001
E1783,193.8,867.46,2025-04-23,P1001
E1784,852.19,1647.94,2025-04-23,P1001
E1785,943.3,1316.37,2025-04-23,P1001
E1786,633.81,1951.19,2025-04-23,P1001
E1787,974.37,1456.79,2025-04-23,P1001
E1788,1261.96,1167.0,2025-04-23,P1001
E1789,813.86,7.76,2025-04-23,P1001
E1790,732.88,366.73,2025-04-23,P1001
E1791,624.42,481.04,2025-04-23,P1001
E1792,497.86,1583.51,2025-04-23,P1001
E1793,1501.0,904.63,2025-04-23,P1001
E1794,1222.44,291.05,2025-04-23,P1001
E1795,664.39,798.29,2025-04-23,P1001
E1796,1138.57,1353.84,2025-04-23,P1001
E1797,1100.36,440.25,2025-04-23,P1001
E1798,525.72,1151.65,2025-04-23,P1001
E1799,588.99,389.59,2025-04-23,P1001
E1800,1201.24,353.03,2025-04-23,P1001
E1801,447.44,1207.73,2025-04-23,P1001
E1802,222.51,346.26,2025-04-23,P1001
E1803,208.32,905.92,2025-04-23,P1001
E1804,1384.59,1987.17,2025-04-23,P1001
E1805,1173.9,446.9,2025-04-23,P1001
E1806,766.34,1889.86,2025-04-23,P1001
E1807,1330.73,1100.28,2025-04-23,P1001
E1808,1404.63,1445.14,2025-04-23,P1001
E1809,923.95,1321.16,2025-04-23,P1001
E1810,1079.16,528.64,2025-04-23,P1001
E1811,812.35,575.2,2025-04-23,P1001
E1812,480.87,1452.22,2025-04-23,P1001
E1813,467.85,1244.15,2025-04-23,P1001
E1814,310.01,1038.17,2025-04-23,P1001
E1815,1203.48,632.92,2025-04-23,P1001
E1816,347.81,872.58,2025-04-23,P1001
E1817,178.34,638.38,2025-04-23,P1001
E1818,252.07,1129.62,2025-04-23,P1001
E1819,1498.4,1491.37,2025-04-23,P1001
E1820,1146.51,260.65,2025-04-23,P1001
E1821,986.42,51.8,2025-04-23,P1001
E1822,935.44,1823.17,2025-04-23,P1001
E1823,1335.1,466.1,2025-04-23,P1001
E1824,1167.09,1821.21,2025-04-23,P1001
E1825,910.85,1965.09,2025-04-23,P1001
E1826,307.55,209.01,2025-04-23,P1001
E1827,590.75,443.27,2025-04-23,P1001
E1828,367.63,807.66,2025-04-23,P1001
E1829,359.32,330.27,2025-04-23,P1001
E1830,1037.28,46.83,2025-04-23,P1001
E1831,1234.69,367.73,2025-04-23,P1001
E1832,1064.07,599.02,2025-04-23,P1001
E1833,265.33,1579.16,2025-04-23,P1001
E1834,719.94,903.16,2025-04-23,P1001
E1835,353.23,34.92,2025-04-23,P1001
E1836,1234.46,1970.86,2025-04-23,P1001
E1837,801.13,1823.44,2025-04-23,P1001
E1838,1190.87,393.4,2025-04-23,P1001
E1839,689.07,1752.23,2025-04-23,P1001
E1840,1314.12,898.58,2025-04-23,P1001
E1841,822.39,1984.66,2025-04-23,P1001
E1842,484.57,1545.34,2025-04-23,P1001
E1843,445.19,316.04,2025-04-23,P1001
E1844,1446.57,447.64,2025-04-23,P1001
E1845,406.64,1343.99,2025-04-23,P1001
E1846,1141.59,563.91,2025-04-23,P1001
E1847,1278.61,1238.96,2025-04-23,P1001
E1848,1270.0,1734.4,2025-04-23,P1001
E1849,434.07,898.5,2025-04-23,P1001
E1850,828.52,1192.83,2025-04-23,P1001
E1851,1129.89,727.34,2025-04-23,P1001
E1852,1240.13,1871.84,2025-04-23,P1001
E1853,288.24,701.35,2025-04-23,P1001
E1854,305.45,596.54,2025-04-23,P1001
E1855,1048.75,854.81,2025-04-23,P1001
E1856,399.16,90.05,2025-04-23,P1001
E1857,265.1,158.5,2025-04-23,P1001
E1858,140.57,1607.96,2025-04-23,P1001
E1859,647.33,186.27,2025-04-23,P1001
E1860,500.82,1034.63,2025-04-23,P1001
E1861,1145.37,29.96,2025-04-23,P1001
E1862,1189.32,891.48,2025-04-23,P1001
E1863,298.96,782.81,2025-04-23,P1001
E1864,573.34,1648.39,2025-04-23,P1001
E1865,1148.01,715.39,2025-04-23,P1001
E1866,498.32,1670.38,2025-04-23,P1001
E1867,385.19,1951.57,2025-04-23,P1001
E1868,809.49,1859.26,2025-04-23,P1001
E1869,711.52,1999.63,2025-04-23,P1001
E1870,863.74,938.54,2025-04-23,P1001
E1871,462.88,1634.94,2025-04-23,P1001
E1872,264.68,1128.72,2025-04-23,P1001
E1873,588.52,1723.01,2025-04-23,P1001
E1874,1482.05,279.57,2025-04-23,P1001
E1875,487.66,1127.05,2025-04-23,P1001
E1876,500.39,1961.3,2025-04-23,P1001
E1877,1248.65,1257.76,2025-04-23,P1001
E1878,700.58,1377.1,2025-04-23,P1001
E1879,1132.04,1535.94,2025-04-23,P1001
E1880,287.69,328.39,2025-04-23,P1001
E1881,337.38,1689.52,2025-04-23,P1001
E1882,935.3,852.03,2025-04-23,P1001
E1883,469.72,383.03,2025-04-23,P1001
E1884,788.78,728.23,2025-04-23,P1001
E1885,842.78,876.19,2025-04-23,P1001
E1886,410.4,342.8,2025-04-23,P1001
E1887,582.18,472.22,2025-04-23,P1001
E1888,225.61,1215.46,2025-04-23,P1001
E1889,548.2,954.23,2025-04-23,P1001
E1890,806.43,1610.93,2025-04-23,P1001
E1891,1081.58,1934.2,2025-04-23,P1001
E1892,951.7,984.06,2025-04-23,P1001
E1893,1124.67,957.22,2025-04-23,P1001
E1894,971.98,1436.32,2025-04-23,P1001
E1895,1446.11,366.06,2025-04-23,P1001
E1896,740.36,255.9,2025-04-23,P1001
E1897,1100.69,200.79,2025-04-23,P1001
E1898,1317.86,784.48,2025-04-23,P1001
E1899,317.44,1070.27,2025-04-23,P1001
E1900,467.63,1016.99,2025-04-23,P1001
E1901,1079.0,1038.05,2025-04-23,P1001
E1902,758.42,140.77,2025-04-23,P1001
E1903,832.49,238.27,2025-04-23,P1001
E1904,715.81,662.29,2025-04-23,P1001
E1905,267.63,34.92,2025-04-23,P1001
E1906,1473.2,1502.92,2025-04-23,P1001
E1907,527.01,917.09,2025-04-23,P1001
E1908,179.36,1653.33,2025-04-23,P1001
E1909,1009.55,1112.88,2025-04-23,P1001
E1910,1392.9,583.09,2025-04-23,P1001
E1911,815.4,1558.07,2025-04-23,P1001
E1912,602.02,1454.15,2025-04-23,P1001
E1913,827.43,1782.33,2025-04-23,P1001
E1914,1080.8,1453.78,2025-04-23,P1001
E1915,1138.58,1366.91,2025-04-23,P1001
E1916,184.88,532.74,2025-04-23,P1001
E1917,1387.35,977.97,2025-04-23,P1001
E1918,1137.91,1074.12,2025-04-23,P1001
E1919,1059.27,1194.77,2025-04-23,P1001
E1920,1003.6,1463.41,2025-04-23,P1001
E1921,612.17,167.71,2025-04-23,P1001
E1922,1302.81,1998.1,2025-04-23,P1001
E1923,140.51,1038.02,2025-04-23,P1001
E1924,121.18,153.69,2025-04-23,P1001
E1925,443.85,1174.1,2025-04-23,P1001
E1926,376.16,1469.83,2025-04-23,P1001
E1927,890.2,654.83,2025-04-23,P1001
E1928,1062.94,1461.75,2025-04-23,P1001
E1929,1409.28,1252.75,2025-04-23,P1001
E1930,1110.42,157.16,2025-04-23,P1001
E1931,825.65,415.17,2025-04-23,P1001
E1932,1308.76,1268.56,2025-04-23,P1001
E1933,587.46,638.3,2025-04-23,P1001
E1934,370.37,1441.29,2025-04-23,P1001
E1935,272.14,1304.53,2025-04-23,P1001
E1936,1167.13,77.81,2025-04-23,P1001
E1937,395.11,1255.65,2025-04-23,P1001
E1938,438.02,1607.08,2025-04-23,P1001
E1939,329.06,103.19,2025-04-23,P1001
E1940,564.67,458.67,2025-04-23,P1001
E1941,1055.83,1289.64,2025-04-23,P1001
E1942,1072.94,977.26,2025-04-23,P1001
E1943,995.98,569.9,2025-04-23,P1001
E1944,606.29,1674.58,2025-04-23,P1001
E1945,501.21,274.08,2025-04-23,P1001
E1946,964.1,1896.85,2025-04-23,P1001
E1947,307.48,497.2,2025-04-23,P1001
E1948,1367.7,245.25,2025-04-23,P1001
E1949,312.86,1223.2,2025-04-23,P1001
E1950,1056.08,1585.46,2025-04-23,P1001
E1951,203.51,30.37,2025-04-23,P1001
E1952,1042.8,611.29,2025-04-23,P1001
E1953,375.4,184.67,2025-04-23,P1001
E1954,455.41,1323.03,2025-04-23,P1001
E1955,560.66,275.89,2025-04-23,P1001
E1956,460.17,1709.63,2025-04-23,P1001
E1957,156.96,20.16,2025-04-23,P1001
E1958,328.23,1066.28,2025-04-23,P1001
E1959,485.18,740.49,2025-04-23,P1001
E1960,1113.44,1048.95,2025-04-23,P1001
E1961,1144.9,909.68,2025-04-23,P1001
E1962,437.99,1517.15,2025-04-23,P1001
E1963,497.19,1947.24,2025-04-23,P1001
E1964,1354.8,1429.97,2025-04-23,P1001
E1965,539.75,1576.13,2025-04-23,P1001
E1966,517.34,77.93,2025-04-23,P1001
E1967,727.61,34.2,2025-04-23,P1001
E1968,1023.5,148.84,2025-04-23,P1001
E1969,756.06,373.29,2025-04-23,P1001
E1970,350.46,1064.27,2025-04-23,P1001
E1971,1283.42,1062.84,2025-04-23,P1001
E1972,112.74,1087.46,2025-04-23,P1001
E1973,358.14,656.69,2025-04-23,P1001
E1974,245.88,853.78,2025-04-23,P1001
E1975,1254.31,1666.08,2025-04-23,P1001
E1976,458.48,1508.93,2025-04-23,P1001
E1977,188.17,1687.86,2025-04-23,P1001
E1978,1354.3,325.78,2025-04-23,P1001
E1979,1448.74,388.13,2025-04-23,P1001
E1980,195.47,1407.82,2025-04-23,P1001
E1981,1118.65,278.93,2025-04-23,P1001
E1982,1028.79,1569.83,2025-04-23,P1001
E1983,1318.55,454.71,2025-04-23,P1001
E1984,1403.52,1630.89,2025-04-23,P1001
E1985,721.46,1976.62,2025-04-23,P1001
E1986,145.16,1593.16,2025-04-23,P1001
E1987,1457.81,288.65,2025-04-23,P1001
E1988,832.68,612.33,2025-04-23,P1001
E1989,229.04,1233.17,2025-04-23,P1001
E1990,817.11,95.9,2025-04-23,P1001
E1991,506.76,1760.12,2025-04-23,P1001
E1992,116.14,539.69,2025-04-23,P1001
E1993,962.41,669.62,2025-04-23,P1001
E1994,943.75,598.14,2025-04-23,P1001
E1995,454.6,1961.06,2025-04-23,P1001
E1996,545.26,286.91,2025-04-23,P1001
E1997,1057.52,1933.54,2025-04-23,P1001
E1998,1450.29,52.07,2025-04-23,P1001
E1999,690.06,267.76,2025-04-23,P1001
E2000,1233.35,818.59,2025-04-23,P1001
E2001,955.24,105.01,2025-04-23,P1001
E2002,559.06,1117.95,2025-04-23,P1001
E2003,932.95,605.77,2025-04-23,P1001
E2004,794.8,1836.33,2025-04-23,P1001
E2005,106.69,675.94,2025-04-23,P1001
E2006,511.89,236.28,2025-04-23,P1001
E2007,302.04,1415.71,2025-04-23,P1001
E2008,623.71,508.95,2025-04-23,P1001
E2009,215.89,1002.56,2025-04-23,P1001
E2010,787.84,754.12,2025-04-23,P1001
E2011,1046.04,380.25,2025-04-23,P1001
E2012,578.04,485.65,2025-04-23,P1001
E2013,1121.95,1522.64,2025-04-23,P1001
E2014,402.42,53.88,2025-04-23,P1001
E2015,1499.49,14.84,2025-04-23,P1001
E2016,1044.41,1461.94,2025-04-23,P1001
E2017,1234.28,1514.17,2025-04-23,P1001
E2018,1048.53,369.35,2025-04-23,P1001
E2019,749.73,1645.24,2025-04-23,P1001
E2020,1336.08,1132.54,2025-04-23,P1001
E2021,930.25,1458.27,2025-04-23,P1001
E2022,1400.23,333.54,2025-04-23,P1001
E2023,1022.64,1580.67,2025-04-23,P1001
E2024,950.84,24.91,2025-04-23,P1001
E2025,1054.8,1311.37,2025-04-23,P1001
E2026,133.58,1096.41,2025-04-23,P1001
E2027,1183.61,1146.33,2025-04-23,P1001
E2028,227.49,864.0,2025-04-23,P1001
E2029,1370.23,664.69,2025-04-23,P1001
E2030,1480.71,228.0,2025-04-23,P1001
E2031,1108.97,1490.63,2025-04-23,P1001
E2032,647.62,1134.48,2025-04-23,P1001
E2033,150.08,718.19,2025-04-23,P1001
E2034,1261.55,1922.03,2025-04-23,P1001
E2035,784.53,1383.04,2025-04-23,P1001
E2036,1435.42,1947.86,2025-04-23,P1001
E2037,461.15,1104.71,2025-04-23,P1001
E2038,1048.41,1283.15,2025-04-23,P1001
E2039,432.9,314.23,2025-04-23,P1001
E2040,440.7,1350.94,2025-04-23,P1001
E2041,174.79,1402.83,2025-04-23,P1001
E2042,400.23,1402.88,2025-04-23,P1001
E2043,1427.84,1504.16,2025-04-23,P1001
E2044,274.83,760.44,2025-04-23,P1001
E2045,890.58,1165.21,2025-04-23,P1001
E2046,527.78,36.6,2025-04-23,P1001
E2047,157.23,619.37,2025-04-23,P1001
E2048,394.79,1073.47,2025-04-23,P1001
E2049,564.68,1889.93,2025-04-23,P1001
E2050,888.54,961.24,2025-04-23,P1001
E2051,1444.84,1213.39,2025-04-23,P1001
E2052,119.52,1194.69,2025-04-23,P1001
E2053,643.99,1587.26,2025-04-23,P1001
E2054,956.14,1697.84,2025-04-23,P1001
E2055,1444.75,1966.07,2025-04-23,P1001
E2056,117.93,463.01,2025-04-23,P1001
E2057,1243.81,1466.42,2025-04-23,P1001
E2058,170.32,1129.84,2025-04-23,P1001
E2059,1323.75,378.57,2025-04-23,P1001
E2060,440.16,1860.07,2025-04-23,P1001
E2061,175.81,590.79,2025-04-23,P1001
E2062,182.7,1508.3,2025-04-23,P1001
E2063,862.68,1345.28,2025-04-23,P1001
E2064,635.26,743.21,2025-04-23,P1001
E2065,289.85,452.57,2025-04-23,P1001
E2066,1259.54,138.09,2025-04-23,P1001
E2067,589.58,500.23,2025-04-23,P1001
E2068,1072.52,83.7,2025-04-23,P1001
E2069,637.41,684.2,2025-04-23,P1001
E2070,708.94,8.22,2025-04-23,P1001
E2071,780.54,23.38,2025-04-23,P1001
E2072,686.53,1296.59,2025-04-23,P1001
E2073,618.28,1271.16,2025-04-23,P1001
E2074,1004.41,1953.14,2025-04-23,P1001
E2075,1290.48,1350.84,2025-04-23,P1001
E2076,223.27,555.83,2025-04-23,P1001
E2077,1167.51,989.71,2025-04-23,P1001
E2078,410.74,447.71,2025-04-23,P1001
E2079,1179.24,435.02,2025-04-23,P1001
E2080,969.31,134.07,2025-04-23,P1001
E2081,241.14,1720.55,2025-04-23,P1001
E2082,1478.49,1543.0,2025-04-23,P1001
E2083,866.31,248.39,2025-04-23,P1001
E2084,1401.77,1695.98,2025-04-23,P1001
E2085,939.58,1171.96,2025-04-23,P1001
E2086,1274.93,511.85,2025-04-23,P1001
E2087,923.31,749.97,2025-04-23,P1001
E2088,1368.37,1909.43,2025-04-23,P1001
E2089,995.66,1832.91,2025-04-23,P1001
E2090,1217.31,880.25,2025-04-23,P1001
E2091,581.82,790.46,2025-04-23,P1001
E2092,1217.27,1305.53,2025-04-23,P1001
E2093,341.64,1613.71,2025-04-23,P1001
E2094,692.59,759.16,2025-04-23,P1001
E2095,105.21,88.05,2025-04-23,P1001
E2096,422.98,1415.99,2025-04-23,P1001
E2097,771.8,809.76,2025-04-23,P1001
E2098,368.53,166.62,2025-04-23,P1001
E2099,1360.28,1125.86,2025-04-23,P1001
E2100,122.94,1241.73,2025-04-23,P1001
E2101,389.62,606.79,2025-04-23,P1001
E2102,1002.57,243.6,2025-04-23,P1001
E2103,214.14,1995.19,2025-04-23,P1001
E2104,1083.04,1122.35,2025-04-23,P1001
E2105,255.44,992.16,2025-04-23,P1001
E2106,628.89,1546.55,2025-04-23,P1001
E2107,1043.04,469.89,2025-04-23,P1001
E2108,210.87,478.58,2025-04-23,P1001
E2109,150.85,292.07,2025-04-23,P1001
E2110,362.78,132.51,2025-04-23,P1001
E2111,1403.44,1925.95,2025-04-23,P1001
E2112,1099.18,914.62,2025-04-23,P1001
E2113,877.33,1373.94,2025-04-23,P1001
E2114,782.21,10.82,2025-04-23,P1001
E2115,1335.03,1736.69,2025-04-23,P1001
E2116,918.3,135.37,2025-04-23,P1001
E2117,1124.85,273.81,2025-04-23,P1001
E2118,807.97,1514.22,2025-04-23,P1001
E2119,618.17,7.8,2025-04-23,P1001
E2120,462.83,441.72,2025-04-23,P1001
E2121,1124.28,1393.88,2025-04-23,P1001
E2122,897.68,1978.22,2025-04-23,P1001
E2123,843.34,1372.62,2025-04-23,P1001
E2124,1060.23,1851.91,2025-04-23,P1001
E2125,519.99,1598.17,2025-04-23,P1001
E2126,1319.34,1348.89,2025-04-23,P1001
E2127,1135.92,961.77,2025-04-23,P1001
E2128,971.44,1765.99,2025-04-23,P1001
E2129,835.85,549.22,2025-04-23,P1001
E2130,1317.76,756.55,2025-04-23,P1001
E2131,876.43,53.85,2025-04-23,P1001
E2132,727.54,246.67,2025-04-23,P1001
E2133,828.58,1170.55,2025-04-23,P1001
E2134,511.92,1351.06,2025-04-23,P1001
E2135,852.55,41.69,2025-04-23,P1001
E2136,597.14,375.83,2025-04-23,P1001
E2137,235.32,1136.95,2025-04-23,P1001
E2138,738.44,454.94,2025-04-23,P1001
E2139,241.93,410.05,2025-04-23,P1001
E2140,1386.5,1979.15,2025-04-23,P1001
E2141,335.73,679.76,2025-04-23,P1001
E2142,648.28,1839.22,2025-04-23,P1001
E2143,262.13,270.74,2025-04-23,P1001
E2144,739.13,392.51,2025-04-23,P1001
E2145,123.1,603.86,2025-04-23,P1001
E2146,1462.39,1304.77,2025-04-23,P1001
E2147,998.16,1264.34,2025-04-23,P1001
E2148,653.2,1641.82,2025-04-23,P1001
E2149,1204.66,1539.03,2025-04-23,P1001
E2150,380.77,737.63,2025-04-23,P1001
E2151,655.85,1932.9,2025-04-23,P1001
E2152,176.42,1168.52,2025-04-23,P1001
E2153,907.93,713.44,2025-04-23,P1001
E2154,159.61,1150.91,2025-04-23,P1001
E2155,1101.99,1416.57,2025-04-23,P1001
E2156,700.87,1070.9,2025-04-23,P1001
E2157,1422.11,240.88,2025-04-23,P1001
E2158,1211.15,738.87,2025-04-23,P1001
E2159,254.19,636.75,2025-04-23,P1001
E2160,346.99,1112.96,2025-04-23,P1001
E2161,1426.58,1663.99,2025-04-23,P1001
E2162,1480.78,981.56,2025-04-23,P1001
E2163,339.76,1745.83,2025-04-23,P1001
E2164,245.51,256.57,2025-04-23,P1001
E2165,1414.15,304.55,2025-04-23,P1001
E2166,185.2,459.49,2025-04-23,P1001
E2167,848.43,311.46,2025-04-23,P1001
E2168,1466.34,1605.1,2025-04-23,P1001
E2169,844.78,985.66,2025-04-23,P1001
E2170,393.6,1106.7,2025-04-23,P1001
E2171,1089.13,1134.84,2025-04-23,P1001
E2172,1197.43,548.02,2025-04-23,P1001
E2173,1338.31,125.51,2025-04-23,P1001
E2174,1325.85,681.09,2025-04-23,P1001
E2175,168.43,440.6,2025-04-23,P1001
E2176,941.68,978.04,2025-04-23,P1001
E2177,108.24,1019.24,2025-04-23,P1001
E2178,1174.23,309.66,2025-04-23,P1001
E2179,189.78,1975.65,2025-04-23,P1001
E2180,639.11,605.61,2025-04-23,P1001
E2181,625.76,1602.11,2025-04-23,P1001
E2182,1344.09,592.22,2025-04-23,P1001
E2183,1216.83,1800.06,2025-04-23,P1001
E2184,1336.97,747.58,2025-04-23,P1001
E2185,1383.25,276.41,2025-04-23,P1001
E2186,562.38,1065.9,2025-04-23,P1001
E2187,1426.2,1628.25,2025-04-23,P1001
E2188,1492.34,129.64,2025-04-23,P1001
E2189,945.33,593.7,2025-04-23,P1001
E2190,1251.53,921.57,2025-04-23,P1001
E2191,1208.8,690.24,2025-04-23,P1001
E2192,364.1,109.37,2025-04-23,P1001
E2193,1460.79,1090.54,2025-04-23,P1001
E2194,549.38,1749.64,2025-04-23,P1001
E2195,674.18,1456.88,2025-04-23,P1001
E2196,1271.79,1419.96,2025-04-23,P1001
E2197,1336.54,1181.52,2025-04-23,P1001
E2198,702.7,1306.58,2025-04-23,P1001
E2199,501.64,1965.44,2025-04-23,P1001
E2200,731.27,756.27,2025-04-23,P1001
E2201,1105.93,535.07,2025-04-23,P1001
E2202,861.12,558.25,2025-04-23,P1001
E2203,1155.69,658.36,2025-04-23,P1001
E2204,1140.91,1460.4,2025-04-23,P1001
E2205,724.85,1102.81,2025-04-23,P1001
E2206,551.37,392.11,2025-04-23,P1001
E2207,562.3,594.53,2025-04-23,P1001
E2208,929.44,105.94,2025-04-23,P1001
E2209,605.6,1935.1,2025-04-23,P1001
E2210,706.82,510.05,2025-04-23,P1001
E2211,447.21,989.36,2025-04-23,P1001
E2212,600.32,633.96,2025-04-23,P1001
E2213,1419.95,1709.48,2025-04-23,P1001
E2214,543.08,1266.81,2025-04-23,P1001
E2215,1403.21,341.41,2025-04-23,P1001
E2216,302.75,979.27,2025-04-23,P1001
E2217,618.38,72.8,2025-04-23,P1001
E2218,268.5,1097.77,2025-04-23,P1001
E2219,736.84,258.08,2025-04-23,P1001
E2220,369.46,680.07,2025-04-23,P1001
E2221,565.98,622.29,2025-04-23,P1001
E2222,1374.25,1253.43,2025-04-23,P1001
E2223,451.35,1960.97,2025-04-23,P1001
E2224,1390.23,1546.8,2025-04-23,P1001
E2225,784.17,1599.79,2025-04-23,P1001
E2226,329.61,1369.26,2025-04-23,P1001
E2227,831.59,537.59,2025-04-23,P1001
E2228,896.85,914.88,2025-04-23,P1001
E2229,628.57,1373.5,2025-04-23,P1001
E2230,944.47,505.88,2025-04-23,P1001
E2231,741.08,304.57,2025-04-23,P1001
E2232,962.32,1532.46,2025-04-23,P1001
E2233,254.31,104.43,2025-04-23,P1001
E2234,1445.23,1893.31,2025-04-23,P1001
E2235,1220.02,1934.35,2025-04-23,P1001
E2236,1266.04,1038.2,2025-04-23,P1001
E2237,1425.01,71.02,2025-04-23,P1001
E2238,531.56,916.49,2025-04-23,P1001
E2239,1486.28,1026.66,2025-04-23,P1001
E2240,852.43,875.93,2025-04-23,P1001
E2241,993.72,1807.12,2025-04-23,P1001
E2242,1368.65,194.54,2025-04-23,P1001
E2243,489.03,355.57,2025-04-23,P1001
E2244,419.42,523.43,2025-04-23,P1001
E2245,1359.72,913.68,2025-04-23,P1001
E2246,262.39,1892.19,2025-04-23,P1001
E2247,388.19,211.06,2025-04-23,P1001
E2248,1052.43,733.57,2025-04-23,P1001
E2249,1030.9,1313.49,2025-04-23,P1001
E2250,1218.88,1220.32,2025-04-23,P1001
E2251,977.56,1553.6,2025-04-23,P1001
E2252,1397.98,422.44,2025-04-23,P1001
E2253,760.26,795.24,2025-04-23,P1001
E2254,1289.02,1562.65,2025-04-23,P1001
E2255,202.79,787.12,2025-04-23,P1001
E2256,630.18,97.22,2025-04-23,P1001
E2257,676.66,531.76,2025-04-23,P1001
E2258,634.46,147.49,2025-04-23,P1001
E2259,239.52,346.5,2025-04-23,P1001
E2260,247.33,574.75,2025-04-23,P1001
E2261,117.68,513.55,2025-04-23,P1001
E2262,1389.4,1085.87,2025-04-23,P1001
E2263,602.06,1973.9,2025-04-23,P1001
E2264,1149.03,108.3,2025-04-23,P1001
E2265,161.0,1208.39,2025-04-23,P1001
E2266,1465.68,783.48,2025-04-23,P1001
E2267,1045.99,14.9,2025-04-23,P1001
E2268,1498.75,1721.76,2025-04-23,P1001
E2269,368.77,39.74,2025-04-23,P1001
E2270,874.09,518.06,2025-04-23,P1001
E2271,1266.06,428.6,2025-04-23,P1001
E2272,204.73,902.3,2025-04-23,P1001
E2273,1308.43,1154.0,2025-04-23,P1001
E2274,817.71,352.63,2025-04-23,P1001
E2275,874.86,1188.25,2025-04-23,P1001
E2276,1092.89,1766.32,2025-04-23,P1001
E2277,285.27,463.88,2025-04-23,P1001
E2278,510.69,1938.23,2025-04-23,P1001
E2279,388.31,642.15,2025-04-23,P1001
E2280,1458.41,650.91,2025-04-23,P1001
E2281,788.12,707.9,2025-04-23,P1001
E2282,155.6,1224.56,2025-04-23,P1001
E2283,613.75,1487.05,2025-04-23,P1001
E2284,1316.34,160.97,2025-04-23,P1001
E2285,498.31,174.55,2025-04-23,P1001
E2286,846.95,1006.47,2025-04-23,P1001
E2287,1256.89,204.31,2025-04-23,P1001
E2288,958.0,936.91,2025-04-23,P1001
E2289,253.68,560.59,2025-04-23,P1001
E2290,242.03,1573.16,2025-04-23,P1001
E2291,654.01,956.93,2025-04-23,P1001
E2292,1014.56,364.93,2025-04-23,P1001
E2293,601.42,1172.02,2025-04-23,P1001
E2294,220.59,388.24,2025-04-23,P1001
E2295,260.24,253.76,2025-04-23,P1001
E2296,1327.74,1124.02,2025-04-23,P1001
E2297,770.94,359.7,2025-04-23,P1001
E2298,1103.24,534.06,2025-04-23,P1001
E2299,1312.86,624.59,2025-04-23,P1001
E2300,801.41,254.67,2025-04-23,P1001
E2301,884.51,1058.53,2025-04-23,P1001
E2302,883.79,1239.2,2025-04-23,P1001
E2303,424.42,1197.11,2025-04-23,P1001
E2304,1100.73,904.59,2025-04-23,P1001
E2305,1416.89,173.64,2025-04-23,P1001
E2306,833.26,1932.82,2025-04-23,P1001
E2307,1161.24,1000.08,2025-04-23,P1001
E2308,711.9,385.3,2025-04-23,P1001
E2309,662.4,1794.44,2025-04-23,P1001
E2310,941.24,1738.75,2025-04-23,P1001
E2311,492.06,1144.19,2025-04-23,P1001
E2312,1119.21,338.38,2025-04-23,P1001
E2313,283.46,950.97,2025-04-23,P1001
E2314,1311.65,1612.87,2025-04-23,P1001
E2315,541.38,102.03,2025-04-23,P1001
E2316,151.01,967.39,2025-04-23,P1001
E2317,1145.13,612.92,2025-04-23,P1001
E2318,1449.14,1772.73,2025-04-23,P1001
E2319,1130.59,995.9,2025-04-23,P1001
E2320,396.62,1526.58,2025-04-23,P1001
E2321,943.66,1614.7,2025-04-23,P1001
E2322,803.78,272.58,2025-04-23,P1001
E2323,915.71,1737.73,2025-04-23,P1001
E2324,1409.84,403.27,2025-04-23,P1001
E2325,997.8,1380.36,2025-04-23,P1001
E2326,750.03,1576.36,2025-04-23,P1001
E2327,343.72,1573.73,2025-04-23,P1001
E2328,106.09,1419.36,2025-04-23,P1001
E2329,365.03,1039.2,2025-04-23,P1001
E2330,1176.4,1859.2,2025-04-23,P1001
E2331,660.84,1640.71,2025-04-23,P1001
E2332,1029.2,1604.09,2025-04-23,P1001
E2333,1165.59,1908.28,2025-04-23,P1001
E2334,812.37,384.62,2025-04-23,P1001
E2335,1018.07,1908.62,2025-04-23,P1001
E2336,1259.97,1651.2,2025-04-23,P1001
E2337,721.11,567.21,2025-04-23,P1001
E2338,1264.46,1215.66,2025-04-23,P1001
E2339,1206.8,82.11,2025-04-23,P1001
E2340,1044.8,840.59,2025-04-23,P1001
E2341,1227.08,614.22,2025-04-23,P1001
E2342,472.14,718.77,2025-04-23,P1001
E2343,1161.71,1788.87,2025-04-23,P1001
E2344,130.51,1554.02,2025-04-23,P1001
E2345,974.26,674.63,2025-04-23,P1001
E2346,1358.44,802.42,2025-04-23,P1001
E2347,767.13,45.13,2025-04-23,P1001
E2348,612.17,446.23,2025-04-23,P1001
E2349,1233.19,1183.38,2025-04-23,P1001
E2350,1352.19,629.26,2025-04-23,P1001
E2351,1447.71,612.25,2025-04-23,P1001
E2352,791.89,852.16,2025-04-23,P1001
E2353,988.17,1039.34,2025-04-23,P1001
E2354,1205.42,1112.89,2025-04-23,P1001
E2355,1386.14,832.02,2025-04-23,P1001
E2356,463.48,944.78,2025-04-23,P1001
E2357,428.8,642.92,2025-04-23,P1001
E2358,613.16,906.79,2025-04-23,P1001
E2359,578.21,810.3,2025-04-23,P1001
E2360,631.95,1835.29,2025-04-23,P1001
E2361,1488.65,1563.03,2025-04-23,P1001
E2362,1167.21,1911.43,2025-04-23,P1001
E2363,1251.42,943.78,2025-04-23,P1001
E2364,816.92,1546.05,2025-04-23,P1001
E2365,1062.5,1126.19,2025-04-23,P1001
E2366,1448.66,1509.75,2025-04-23,P1001
E2367,1419.29,50.02,2025-04-23,P1001
E2368,739.65,127.49,2025-04-23,P1001
E2369,1431.89,652.02,2025-04-23,P1001
E2370,800.59,630.57,2025-04-23,P1001
E2371,737.72,686.1,2025-04-23,P1001
E2372,674.1,1832.83,2025-04-23,P1001
E2373,667.85,1829.95,2025-04-23,P1001
E2374,601.57,528.06,2025-04-23,P1001
E2375,354.41,1926.75,2025-04-23,P1001
E2376,740.44,951.94,2025-04-23,P1001
E2377,106.25,71.54,2025-04-23,P1001
E2378,1436.45,700.78,2025-04-23,P1001
E2379,449.03,1545.86,2025-04-23,P1001
E2380,1221.95,1815.07,2025-04-23,P1001
E2381,1296.67,207.87,2025-04-23,P1001
E2382,1293.17,352.17,2025-04-23,P1001
E2383,148.97,1002.05,2025-04-23,P1001
E2384,1053.4,303.56,2025-04-23,P1001
E2385,1452.32,734.6,2025-04-23,P1001
E2386,592.61,1572.04,2025-04-23,P1001
E2387,714.04,1655.73,2025-04-23,P1001
E2388,258.95,840.99,2025-04-23,P1001
E2389,217.97,1617.85,2025-04-23,P1001
E2390,236.07,801.29,2025-04-23,P1001
E2391,705.95,1480.3,2025-04-23,P1001
E2392,1053.66,1657.36,2025-04-23,P1001
E2393,247.21,1133.28,2025-04-23,P1001
E2394,639.86,1917.86,2025-04-23,P1001
E2395,1202.81,1023.7,2025-04-23,P1001
E2396,1161.12,990.56,2025-04-23,P1001
E2397,1086.52,1293.8,2025-04-23,P1001
E2398,389.54,910.91,2025-04-23,P1001
E2399,1151.5,215.84,2025-04-23,P1001
E2400,1241.45,1045.75,2025-04-23,P1001
E2401,458.42,1866.81,2025-04-23,P1001
E2402,668.26,585.07,2025-04-23,P1001
E2403,665.08,271.45,2025-04-23,P1001
E2404,795.64,1402.02,2025-04-23,P1001
E2405,1067.89,1335.4,2025-04-23,P1001
E2406,819.51,1328.12,2025-04-23,P1001
E2407,1337.86,1893.37,2025-04-23,P1001
E2408,470.62,87.97,2025-04-23,P1001
E2409,1390.67,48.91,2025-04-23,P1001
E2410,350.82,1250.8,2025-04-23,P1001
E2411,1266.13,1582.0,2025-04-23,P1001
E2412,1050.76,353.13,2025-04-23,P1001
E2413,382.99,210.93,2025-04-23,P1001
E2414,1119.2,204.47,2025-04-23,P1001
E2415,554.33,727.57,2025-04-23,P1001
E2416,1075.43,1907.74,2025-04-23,P1001
E2417,149.93,1318.94,2025-04-23,P1001
E2418,1207.12,1485.76,2025-04-23,P1001
E2419,1093.64,858.58,2025-04-23,P1001
E2420,1470.6,1598.82,2025-04-23,P1001
E2421,879.1,1620.77,2025-04-23,P1001
E2422,128.61,1077.3,2025-04-23,P1001
E2423,1450.25,555.28,2025-04-23,P1001
E2424,1150.97,855.91,2025-04-23,P1001
E2425,865.44,1850.25,2025-04-23,P1001
E2426,837.19,1841.97,2025-04-23,P1001
E2427,289.82,872.51,2025-04-23,P1001
E2428,357.1,498.88,2025-04-23,P1001
E2429,741.06,639.12,2025-04-23,P1001
E2430,453.55,1502.97,2025-04-23,P1001
E2431,288.92,1324.12,2025-04-23,P1001
E2432,249.29,319.3,2025-04-23,P1001
E2433,263.43,1311.32,2025-04-23,P1001
E2434,541.6,1568.08,2025-04-23,P1001
E2435,735.37,1985.02,2025-04-23,P1001
E2436,691.81,748.5,2025-04-23,P1001
E2437,1113.03,1410.23,2025-04-23,P1001
E2438,467.25,1145.04,2025-04-23,P1001
E2439,177.23,1520.47,2025-04-23,P1001
E2440,124.16,1394.95,2025-04-23,P1001
E2441,327.36,1381.18,2025-04-23,P1001
E2442,1009.86,694.75,2025-04-23,P1001
E2443,1234.68,431.35,2025-04-23,P1001
E2444,419.53,509.14,2025-04-23,P1001
E2445,822.0,1105.16,2025-04-23,P1001
E2446,836.12,1622.14,2025-04-23,P1001
E2447,1045.9,477.71,2025-04-23,P1001
E2448,720.88,1458.93,2025-04-23,P1001
E2449,436.31,1949.48,2025-04-23,P1001
E2450,456.34,140.73,2025-04-23,P1001
E2451,1019.51,1967.31,2025-04-23,P1001
E2452,912.42,1799.03,2025-04-23,P1001
E2453,1010.2,630.61,2025-04-23,P1001
E2454,237.87,374.04,2025-04-23,P1001
E2455,699.85,271.26,2025-04-23,P1001
E2456,102.09,915.66,2025-04-23,P1001
E2457,926.5,1222.76,2025-04-23,P1001
E2458,125.51,916.75,2025-04-23,P1001
E2459,1241.83,1273.17,2025-04-23,P1001
E2460,1071.91,33.83,2025-04-23,P1001
E2461,463.55,282.52,2025-04-23,P1001
E2462,270.72,89.61,2025-04-23,P1001
E2463,1189.9,580.5,2025-04-23,P1001
E2464,256.1,1686.09,2025-04-23,P1001
E2465,1200.14,1035.23,2025-04-23,P1001
E2466,1292.41,691.79,2025-04-23,P1001
E2467,1087.0,804.15,2025-04-23,P1001
E2468,855.68,1648.15,2025-04-23,P1001
E2469,1405.09,710.11,2025-04-23,P1001
E2470,1036.89,1533.74,2025-04-23,P1001
E2471,999.23,1262.59,2025-04-23,P1001
E2472,558.75,642.71,2025-04-23,P1001
E2473,256.44,913.72,2025-04-23,P1001
E2474,104.78,221.12,2025-04-23,P1001
E2475,689.16,367.9,2025-04-23,P1001
E2476,828.1,750.82,2025-04-23,P1001
E2477,660.09,1038.36,2025-04-23,P1001
E2478,610.26,1504.89,2025-04-23,P1001
E2479,1415.87,808.19,2025-04-23,P1001
E2480,1225.52,633.93,2025-04-23,P1001
E2481,462.62,284.18,2025-04-23,P1001
E2482,1351.93,1809.57,2025-04-23,P1001
E2483,1280.31,107.01,2025-04-23,P1001
E2484,811.28,963.96,2025-04-23,P1001
E2485,1370.58,871.47,2025-04-23,P1001
E2486,529.91,1709.32,2025-04-23,P1001
E2487,1141.07,1612.9,2025-04-23,P1001
E2488,131.63,1385.28,2025-04-23,P1001
E2489,1407.36,1992.91,2025-04-23,P1001
E2490,1104.26,1074.95,2025-04-23,P1001
E2491,261.21,942.68,2025-04-23,P1001
E2492,381.98,655.59,2025-04-23,P1001
E2493,1444.43,1728.88,2025-04-23,P1001
E2494,633.6,230.04,2025-04-23,P1001
E2495,897.7,804.52,2025-04-23,P1001
E2496,128.0,851.7,2025-04-23,P1001
E2497,710.75,1729.98,2025-04-23,P1001
E2498,319.72,1712.24,2025-04-23,P1001
E2499,716.62,851.11,2025-04-23,P1001
E2500,341.72,1601.4,2025-04-23,P1001
E2501,167.27,317.06,2025-04-23,P1001
E2502,1319.33,1138.98,2025-04-23,P1001
E2503,780.05,268.98,2025-04-23,P1001
E2504,828.76,1694.77,2025-04-23,P1001
E2505,284.88,716.13,2025-04-23,P1001
E2506,239.21,1304.03,2025-04-23,P1001
E2507,657.41,1933.23,2025-04-23,P1001
E2508,241.36,1303.38,2025-04-23,P1001
E2509,714.48,1266.58,2025-04-23,P1001
E2510,730.85,1874.11,2025-04-23,P1001
E2511,734.16,1857.54,2025-04-23,P1001
E2512,447.98,1635.86,2025-04-23,P1001
E2513,572.29,1703.2,2025-04-23,P1001
E2514,908.81,400.74,2025-04-23,P1001
E2515,712.15,1896.11,2025-04-23,P1001
E2516,355.42,1102.72,2025-04-23,P1001
E2517,291.58,840.28,2025-04-23,P1001
E2518,812.13,1697.39,2025-04-23,P1001
E2519,730.15,1352.04,2025-04-23,P1001
E2520,1371.0,1933.96,2025-04-23,P1001
E2521,1362.76,397.9,2025-04-23,P1001
E2522,839.18,562.65,2025-04-23,P1001
E2523,360.44,970.66,2025-04-23,P1001
E2524,826.89,1447.29,2025-04-23,P1001
E2525,1194.89,1110.47,2025-04-23,P1001
E2526,152.11,545.91,2025-04-23,P1001
E2527,567.98,1069.34,2025-04-23,P1001
E2528,1486.23,220.72,2025-04-23,P1001
E2529,1051.6,1852.05,2025-04-23,P1001
E2530,1167.32,181.26,2025-04-23,P1001
E2531,213.69,1930.75,2025-04-23,P1001
E2532,566.41,1366.65,2025-04-23,P1001
E2533,310.13,678.72,2025-04-23,P1001
E2534,996.61,852.37,2025-04-23,P1001
E2535,1264.5,996.97,2025-04-23,P1001
E2536,108.45,1055.08,2025-04-23,P1001
E2537,470.96,1885.19,2025-04-23,P1001
E2538,1485.02,1803.8,2025-04-23,P1001
E2539,1369.87,1540.66,2025-04-23,P1001
E2540,232.66,99.82,2025-04-23,P1001
E2541,1156.4,1989.25,2025-04-23,P1001
E2542,1109.1,1119.59,2025-04-23,P1001
E2543,756.3,1084.0,2025-04-23,P1001
E2544,541.33,1805.81,2025-04-23,P1001
E2545,1359.49,578.14,2025-04-23,P1001
E2546,154.87,1614.21,2025-04-23,P1001
E2547,1272.08,200.93,2025-04-23,P1001
E2548,428.13,350.62,2025-04-23,P1001
E2549,774.53,37.93,2025-04-23,P1001
E2550,1351.51,1823.37,2025-04-23,P1001
E2551,1261.64,1388.1,2025-04-23,P1001
E2552,1170.61,1600.73,2025-04-23,P1001
E2553,514.77,1831.09,2025-04-23,P1001
E2554,814.25,285.03,2025-04-23,P1001
E2555,599.9,694.4,2025-04-23,P1001
E2556,150.49,735.26,2025-04-23,P1001
E2557,1456.04,333.44,2025-04-23,P1001
E2558,170.25,1845.72,2025-04-23,P1001
E2559,733.85,1240.83,2025-04-23,P1001
E2560,1372.78,230.57,2025-04-23,P1001
E2561,428.75,1932.3,2025-04-23,P1001
E2562,525.75,1085.78,2025-04-23,P1001
E2563,845.64,489.89,2025-04-23,P1001
E2564,217.17,1154.89,2025-04-23,P1001
E2565,455.27,436.4,2025-04-23,P1001
E2566,845.95,1492.45,2025-04-23,P1001
E2567,534.76,1456.66,2025-04-23,P1001
E2568,355.07,102.85,2025-04-23,P1001
E2569,1030.79,1398.62,2025-04-23,P1001
E2570,1154.33,1759.11,2025-04-23,P1001
E2571,1442.5,1447.11,2025-04-23,P1001
E2572,1109.53,769.35,2025-04-23,P1001
E2573,1204.98,1664.06,2025-04-23,P1001
E2574,1369.82,200.0,2025-04-23,P1001
E2575,329.18,598.61,2025-04-23,P1001
E2576,1163.72,1378.53,2025-04-23,P1001
E2577,1313.44,742.61,2025-04-23,P1001
E2578,604.86,1082.38,2025-04-23,P1001
E2579,881.0,1377.15,2025-04-23,P1001
E2580,906.85,1667.22,2025-04-23,P1001
E2581,998.38,1374.94,2025-04-23,P1001
E2582,1024.01,1961.91,2025-04-23,P1001
E2583,1475.44,372.19,2025-04-23,P1001
E2584,780.56,1674.64,2025-04-23,P1001
E2585,1450.6,1807.34,2025-04-23,P1001
E2586,715.47,177.22,2025-04-23,P1001
E2587,306.06,1730.32,2025-04-23,P1001
E2588,832.2,329.66,2025-04-23,P1001
E2589,122.67,889.79,2025-04-23,P1001
E2590,230.12,399.28,2025-04-23,P1001
E2591,1377.82,739.21,2025-04-23,P1001
E2592,1056.1,1128.79,2025-04-23,P1001
E2593,886.52,80.33,2025-04-23,P1001
E2594,908.55,1099.61,2025-04-23,P1001
E2595,1319.61,525.96,2025-04-23,P1001
E2596,775.24,1034.85,2025-04-23,P1001
E2597,1225.1,886.0,2025-04-23,P1001
E2598,858.48,1491.44,2025-04-23,P1001
E2599,696.95,569.24,2025-04-23,P1001
E2600,1215.2,117.95,2025-04-23,P1001
E2601,617.5,20.93,2025-04-23,P1001
E2602,1155.07,216.44,2025-04-23,P1001
E2603,1707.55,1454.34,2025-04-23,P1001
E2604,1863.13,143.62,2025-04-23,P1001
E2605,1505.04,1203.97,2025-04-23,P1001
E2606,1062.91,49.91,2025-04-23,P1001
E2607,1530.17,1722.17,2025-04-23,P1001
E2608,486.05,1439.76,2025-04-23,P1001
E2609,1135.88,1194.89,2025-04-23,P1001
E2610,1627.39,121.12,2025-04-23,P1001
E2611,1439.46,1070.78,2025-04-23,P1001
E2612,628.37,1563.54,2025-04-23,P1001
E2613,598.99,1079.61,2025-04-23,P1001
E2614,1516.04,419.78,2025-04-23,P1001
E2615,889.9,999.31,2025-04-23,P1001
E2616,1299.34,686.69,2025-04-23,P1001
E2617,628.91,427.41,2025-04-23,P1001
E2618,1016.66,1211.22,2025-04-23,P1001
E2619,954.34,358.42,2025-04-23,P1001
E2620,774.8,1154.11,2025-04-23,P1001
E2621,1754.81,829.23,2025-04-23,P1001
E2622,1440.14,1106.6,2025-04-23,P1001
E2623,1525.61,1467.6,2025-04-23,P1001
E2624,516.57,329.17,2025-04-23,P1001
E2625,736.98,274.93,2025-04-23,P1001
E2626,752.99,61.36,2025-04-23,P1001
E2627,1405.52,366.78,2025-04-23,P1001
E2628,863.35,270.52,2025-04-23,P1001
E2629,475.19,837.02,2025-04-23,P1001
E2630,1253.36,1363.78,2025-04-23,P1001
E2631,824.02,1248.07,2025-04-23,P1001
E2632,501.4,304.31,2025-04-23,P1001
E2633,1080.12,843.06,2025-04-23,P1001
E2634,991.14,713.56,2025-04-23,P1001
E2635,681.88,781.69,2025-04-23,P1001
E2636,1206.47,1914.23,2025-04-23,P1001
E2637,555.83,1397.05,2025-04-23,P1001
E2638,759.78,1372.0,2025-04-23,P1001
E2639,262.96,1473.06,2025-04-23,P1001
E2640,1392.76,186.89,2025-04-23,P1001
E2641,516.36,100.39,2025-04-23,P1001
E2642,1386.93,903.07,2025-04-23,P1001
E2643,1456.9,1526.98,2025-04-23,P1001
E2644,801.66,493.27,2025-04-23,P1001
E2645,832.87,529.34,2025-04-23,P1001
E2646,1587.01,592.05,2025-04-23,P1001
E2647,1292.68,166.9,2025-04-23,P1001
E2648,838.18,1419.7,2025-04-23,P1001
E2649,1286.32,354.59,2025-04-23,P1001
E2650,1717.06,1942.82,2025-04-23,P1001
E2651,925.34,1750.42,2025-04-23,P1001
E2652,876.21,38.39,2025-04-23,P1001
E2653,335.02,1182.36,2025-04-23,P1001
E2654,1368.53,604.05,2025-04-23,P1001
E2655,837.67,1618.86,2025-04-23,P1001
E2656,1531.66,893.02,2025-04-23,P1001
E2657,1923.05,1466.13,2025-04-23,P1001
E2658,1267.7,425.59,2025-04-23,P1001
E2659,685.38,1488.38,2025-04-23,P1001
E2660,244.68,1127.89,2025-04-23,P1001
E2661,1174.32,1881.71,2025-04-23,P1001
E2662,1725.7,1412.04,2025-04-23,P1001
E2663,1428.11,1817.23,2025-04-23,P1001
E2664,1500.28,263.4,2025-04-23,P1001
E2665,760.44,288.23,2025-04-23,P1001
E2666,1097.98,1118.25,2025-04-23,P1001
E2667,586.79,10.64,2025-04-23,P1001
E2668,611.54,1210.54,2025-04-23,P1001
E2669,423.65,367.6,2025-04-23,P1001
E2670,1787.73,1897.2,2025-04-23,P1001
E2671,1520.54,1411.38,2025-04-23,P1001
E2672,468.89,63.86,2025-04-23,P1001
E2673,754.74,276.6,2025-04-23,P1001
E2674,1400.17,1417.63,2025-04-23,P1001
E2675,812.52,590.48,2025-04-23,P1001
E2676,1459.64,1154.02,2025-04-23,P1001
E2677,1414.92,403.76,2025-04-23,P1001
E2678,1174.34,2.73,2025-04-23,P1001
E2679,427.53,1242.31,2025-04-23,P1001
E2680,421.42,1977.12,2025-04-23,P1001
E2681,1709.93,86.05,2025-04-23,P1001
E2682,1216.06,267.69,2025-04-23,P1001
E2683,657.69,1008.25,2025-04-23,P1001
E2684,1698.23,949.33,2025-04-23,P1001
E2685,664.5,468.78,2025-04-23,P1001
E2686,428.32,709.49,2025-04-23,P1001
E2687,1121.54,1096.01,2025-04-23,P1001
E2688,686.36,207.31,2025-04-23,P1001
E2689,641.4,1580.77,2025-04-23,P1001
E2690,1611.45,264.54,2025-04-23,P1001
E2691,503.55,209.04,2025-04-23,P1001
E2692,950.94,228.12,2025-04-23,P1001
E2693,845.96,28.92,2025-04-23,P1001
E2694,1722.47,348.23,2025-04-23,P1001
E2695,841.48,1108.26,2025-04-23,P1001
E2696,1300.38,451.03,2025-04-23,P1001
E2697,1418.01,1169.37,2025-04-23,P1001
E2698,777.52,793.11,2025-04-23,P1001
E2699,903.72,1049.31,2025-04-23,P1001
E2700,1314.33,1455.63,2025-04-23,P1001
E2701,1042.63,1331.57,2025-04-23,P1001
E2702,563.86,306.36,2025-04-23,P1001
E2703,1009.2,1791.59,2025-04-23,P1001
E2704,545.03,197.14,2025-04-23,P1001
E2705,1578.39,743.7,2025-04-23,P1001
E2706,1534.16,1516.46,2025-04-23,P1001
E2707,942.21,508.12,2025-04-23,P1001
E2708,1440.03,1849.76,2025-04-23,P1001
E2709,1601.4,465.39,2025-04-23,P1001
E2710,747.81,421.34,2025-04-23,P1001
E2711,1055.14,948.9,2025-04-23,P1001
E2712,1124.73,1323.82,2025-04-23,P1001
E2713,996.28,1875.01,2025-04-23,P1001
E2714,1809.66,483.54,2025-04-23,P1001
E2715,439.46,1047.01,2025-04-23,P1001
E2716,1233.91,378.12,2025-04-23,P1001
E2717,527.88,596.77,2025-04-23,P1001
E2718,1748.72,1755.67,2025-04-23,P1001
E2719,609.16,665.6,2025-04-23,P1001
E2720,1095.96,740.18,2025-04-23,P1001
E2721,1101.12,1032.69,2025-04-23,P1001
E2722,644.12,1147.22,2025-04-23,P1001
E2723,963.7,249.1,2025-04-23,P1001
E2724,1021.66,936.47,2025-04-23,P1001
E2725,535.24,620.56,2025-04-23,P1001
E2726,697.82,1016.21,2025-04-23,P1001
E2727,1251.36,1353.21,2025-04-23,P1001
E2728,1558.14,1611.42,2025-04-23,P1001
E2729,515.95,1054.87,2025-04-23,P1001
E2730,1466.08,1066.85,2025-04-23,P1001
E2731,832.56,799.03,2025-04-23,P1001
E2732,1393.0,1649.75,2025-04-23,P1001
E2733,1087.75,310.9,2025-04-23,P1001
E2734,1595.85,1429.86,2025-04-23,P1001
E2735,1911.7,1468.29,2025-04-23,P1001
E2736,539.26,758.91,2025-04-23,P1001
E2737,1161.52,925.3,2025-04-23,P1001
E2738,1922.21,1271.22,2025-04-23,P1001
E2739,597.31,505.32,2025-04-23,P1001
E2740,737.96,223.55,2025-04-23,P1001
E2741,913.8,952.93,2025-04-23,P1001
E2742,1374.28,1006.72,2025-04-23,P1001
E2743,835.26,1439.96,2025-04-23,P1001
E2744,944.76,228.2,2025-04-23,P1001
E2745,1269.16,1080.76,2025-04-23,P1001
E2746,1240.86,1606.02,2025-04-23,P1001
E2747,922.7,1754.63,2025-04-23,P1001
E2748,873.6,308.61,2025-04-23,P1001
E2749,1687.34,1703.05,2025-04-23,P1001
E2750,1306.67,1773.17,2025-04-23,P1001
E2751,1524.41,567.05,2025-04-23,P1001
E2752,754.36,731.49,2025-04-23,P1001
E2753,894.94,114.28,2025-04-23,P1001
E2754,1164.99,1225.02,2025-04-23,P1001
E2755,492.89,48.75,2025-04-23,P1001
E2756,1892.52,864.07,2025-04-23,P1001
E2757,950.75,860.28,2025-04-23,P1001
E2758,638.94,421.19,2025-04-23,P1001
E2759,1760.26,413.49,2025-04-23,P1001
E2760,1428.1,1936.03,2025-04-23,P1001
E2761,1089.97,1973.69,2025-04-23,P1001
E2762,1378.31,1457.16,2025-04-23,P1001
E2763,1541.28,1158.04,2025-04-23,P1001
E2764,567.81,1432.67,2025-04-23,P1001
E2765,1718.73,166.97,2025-04-23,P1001
E2766,637.94,909.24,2025-04-23,P1001
E2767,300.18,799.86,2025-04-23,P1001
E2768,1522.87,113.07,2025-04-23,P1001
E2769,1507.62,1798.09,2025-04-23,P1001
E2770,1401.71,1745.02,2025-04-23,P1001
E2771,1717.7,0.47,2025-04-23,P1001
E2772,1342.14,1134.47,2025-04-23,P1001
E2773,607.53,897.61,2025-04-23,P1001
E2774,876.05,409.89,2025-04-23,P1001
E2775,655.12,1396.1,2025-04-23,P1001
E2776,1288.49,967.79,2025-04-23,P1001
E2777,862.96,1566.8,2025-04-23,P1001
E2778,755.79,473.0,2025-04-23,P1001
E2779,1219.62,1766.37,2025-04-23,P1001
E2780,1409.4,1195.6,2025-04-23,P1001
E2781,1695.44,821.72,2025-04-23,P1001
E2782,747.75,402.14,2025-04-23,P1001
E2783,317.38,1267.78,2025-04-23,P1001
E2784,1653.28,466.81,2025-04-23,P1001
E2785,1750.45,1491.05,2025-04-23,P1001
E2786,1434.12,957.7,2025-04-23,P1001
E2787,1206.96,1574.17,2025-04-23,P1001
E2788,1092.91,643.72,2025-04-23,P1001
E2789,1276.74,1093.22,2025-04-23,P1001
E2790,631.88,415.9,2025-04-23,P1001
E2791,1498.62,1861.81,2025-04-23,P1001
E2792,283.52,13.72,2025-04-23,P1001
E2793,1724.06,664.65,2025-04-23,P1001
E2794,1295.79,997.86,2025-04-23,P1001
E2795,1645.71,705.54,2025-04-23,P1001
E2796,846.26,1378.35,2025-04-23,P1001
E2797,601.18,1431.03,2025-04-23,P1001
E2798,773.03,1717.0,2025-04-23,P1001
E2799,741.26,484.3,2025-04-23,P1001
E2800,474.66,1252.66,2025-04-23,P1001
E2801,1317.7,121.12,2025-04-23,P1001
E2802,1381.86,422.62,2025-04-23,P1001
E2803,1714.0,762.22,2025-04-23,P1001
E2804,1659.54,547.43,2025-04-23,P1001
E2805,488.13,108.73,2025-04-23,P1001
E2806,1560.14,284.15,2025-04-23,P1001
E2807,1073.23,755.24,2025-04-23,P1001
E2808,258.11,626.49,2025-04-23,P1001
E2809,1156.74,190.95,2025-04-23,P1001
E2810,1842.38,738.43,2025-04-23,P1001
E2811,769.84,1198.33,2025-04-23,P1001
E2812,583.72,933.26,2025-04-23,P1001
E2813,1704.43,1365.53,2025-04-23,P1001
E2814,1115.59,415.33,2025-04-23,P1001
E2815,551.87,1043.37,2025-04-23,P1001
E2816,824.93,512.75,2025-04-23,P1001
E2817,763.82,1803.51,2025-04-23,P1001
E2818,1754.05,1315.77,2025-04-23,P1001
E2819,1378.01,314.28,2025-04-23,P1001
E2820,1529.02,1478.9,2025-04-23,P1001
E2821,1642.04,1874.3,2025-04-23,P1001
E2822,916.52,660.46,2025-04-23,P1001
E2823,1266.58,1680.01,2025-04-23,P1001
E2824,1078.16,622.0,2025-04-23,P1001
E2825,415.22,274.11,2025-04-23,P1001
E2826,636.77,1995.68,2025-04-23,P1001
E2827,946.79,1729.74,2025-04-23,P1001
E2828,1061.08,1161.6,2025-04-23,P1001
E2829,1099.69,204.12,2025-04-23,P1001
E2830,502.52,316.69,2025-04-23,P1001
E2831,711.21,412.44,2025-04-23,P1001
E2832,729.21,268.35,2025-04-23,P1001
E2833,1177.04,1309.7,2025-04-23,P1001
E2834,1559.56,111.46,2025-04-23,P1001
E2835,586.37,261.5,2025-04-23,P1001
E2836,733.63,1251.34,2025-04-23,P1001
E2837,1102.81,1984.04,2025-04-23,P1001
E2838,1514.69,1526.6,2025-04-23,P1001
E2839,1641.99,565.1,2025-04-23,P1001
E2840,942.8,554.69,2025-04-23,P1001
E2841,1142.73,431.41,2025-04-23,P1001
E2842,979.55,1715.64,2025-04-23,P1001
E2843,1427.53,2.39,2025-04-23,P1001
E2844,1142.87,1474.93,2025-04-23,P1001
E2845,721.84,936.01,2025-04-23,P1001
E2846,1668.9,1020.75,2025-04-23,P1001
E2847,547.73,1647.07,2025-04-23,P1001
E2848,1637.75,1054.57,2025-04-23,P1001
E2849,975.23,1010.21,2025-04-23,P1001
E2850,1610.56,1568.0,2025-04-23,P1001
E2851,1356.74,1784.47,2025-04-23,P1001
E2852,802.51,1533.46,2025-04-23,P1001
E2853,1168.96,943.68,2025-04-23,P1001
E2854,976.16,1970.82,2025-04-23,P1001
E2855,1259.65,1319.28,2025-04-23,P1001
E2856,1587.44,112.61,2025-04-23,P1001
E2857,714.8,1546.41,2025-04-23,P1001
E2858,294.52,266.06,2025-04-23,P1001
E2859,321.58,1738.65,2025-04-23,P1001
E2860,1008.79,256.57,2025-04-23,P1001
E2861,891.23,1059.57,2025-04-23,P1001
E2862,1384.1,1449.91,2025-04-23,P1001
E2863,584.2,806.2,2025-04-23,P1001
E2864,798.45,1711.89,2025-04-23,P1001
E2865,698.46,1617.77,2025-04-23,P1001
E2866,1436.31,1281.65,2025-04-23,P1001
E2867,1107.44,297.02,2025-04-23,P1001
E2868,1252.63,1701.27,2025-04-23,P1001
E2869,1264.86,188.01,2025-04-23,P1001
E2870,464.05,1421.5,2025-04-23,P1001
E2871,1280.48,862.61,2025-04-23,P1001
E2872,554.36,121.16,2025-04-23,P1001
E2873,406.29,195.57,2025-04-23,P1001
E2874,1744.67,291.6,2025-04-23,P1001
E2875,856.55,703.78,2025-04-23,P1001
E2876,489.17,427.9,2025-04-23,P1001
E2877,1601.58,1015.15,2025-04-23,P1001
E2878,482.59,480.68,2025-04-23,P1001
E2879,686.82,186.98,2025-04-23,P1001
E2880,1655.62,50.54,2025-04-23,P1001
E2881,1450.63,1125.46,2025-04-23,P1001
E2882,1397.72,916.73,2025-04-23,P1001
E2883,683.58,1084.96,2025-04-23,P1001
E2884,1571.64,1835.08,2025-04-23,P1001
E2885,1383.25,1017.56,2025-04-23,P1001
E2886,1948.53,1507.32,2025-04-23,P1001
E2887,1344.91,1103.71,2025-04-23,P1001
E2888,1826.03,1429.53,2025-04-23,P1001
E2889,1102.08,756.32,2025-04-23,P1001
E2890,617.09,1613.12,2025-04-23,P1001
E2891,547.72,237.5,2025-04-23,P1001
E2892,1034.5,673.24,2025-04-23,P1001
E2893,942.73,1878.87,2025-04-23,P1001
E2894,566.46,1315.04,2025-04-23,P1001
E2895,1375.24,1973.86,2025-04-23,P1001
E2896,556.62,1079.3,2025-04-23,P1001
E2897,1432.75,57.69,2025-04-23,P1001
E2898,628.0,1162.17,2025-04-23,P1001
E2899,927.67,1217.48,2025-04-23,P1001
E2900,1014.75,800.31,2025-04-23,P1001
E2901,1529.24,994.7,2025-04-23,P1001
E2902,1398.32,888.18,2025-04-23,P1001
E2903,410.04,1076.34,2025-04-23,P1001
E2904,1671.0,157.28,2025-04-23,P1001
E2905,1520.95,352.83,2025-04-23,P1001
E2906,1293.37,942.04,2025-04-23,P1001
E2907,1094.03,697.14,2025-04-23,P1001
E2908,756.2,1970.17,2025-04-23,P1001
E2909,1918.33,1574.8,2025-04-23,P1001
E2910,1265.41,813.01,2025-04-23,P1001
E2911,1468.06,899.89,2025-04-23,P1001
E2912,1060.8,1587.29,2025-04-23,P1001
E2913,1705.03,601.2,2025-04-23,P1001
E2914,1540.45,774.82,2025-04-23,P1001
E2915,477.92,411.58,2025-04-23,P1001
E2916,1287.21,607.14,2025-04-23,P1001
E2917,1273.04,990.84,2025-04-23,P1001
E2918,966.39,1063.12,2025-04-23,P1001
E2919,1387.13,504.11,2025-04-23,P1001
E2920,1459.69,600.17,2025-04-23,P1001
E2921,1625.06,1560.71,2025-04-23,P1001
E2922,636.41,29.44,2025-04-23,P1001
E2923,548.21,1929.55,2025-04-23,P1001
E2924,1147.88,1547.04,2025-04-23,P1001
E2925,401.84,1165.46,2025-04-23,P1001
E2926,445.68,422.04,2025-04-23,P1001
E2927,480.51,1551.68,2025-04-23,P1001
E2928,1118.83,536.49,2025-04-23,P1001
E2929,866.83,1264.8,2025-04-23,P1001
E2930,858.4,1971.7,2025-04-23,P1001
E2931,1348.39,185.22,2025-04-23,P1001
E2932,595.32,1746.43,2025-04-23,P1001
E2933,1296.33,157.87,2025-04-23,P1001
E2934,1107.67,1431.78,2025-04-23,P1001
E2935,1703.98,758.18,2025-04-23,P1001
E2936,796.65,33.8,2025-04-23,P1001
E2937,545.09,367.81,2025-04-23,P1001
E2938,1672.51,394.96,2025-04-23,P1001
E2939,1556.11,1006.61,2025-04-23,P1001
E2940,273.3,1119.78,2025-04-23,P1001
E2941,1810.12,800.1,2025-04-23,P1001
E2942,1068.89,1625.66,2025-04-23,P1001
E2943,1538.74,1843.36,2025-04-23,P1001
E2944,869.97,281.79,2025-04-23,P1001
E2945,1148.63,628.96,2025-04-23,P1001
E2946,1553.11,1528.15,2025-04-23,P1001
E2947,1425.83,779.12,2025-04-23,P1001
E2948,838.25,358.75,2025-04-23,P1001
E2949,1250.76,1179.49,2025-04-23,P1001
E2950,418.77,1714.31,2025-04-23,P1001
E2951,1428.63,1148.81,2025-04-23,P1001
E2952,511.07,85.22,2025-04-23,P1001
E2953,1088.74,589.55,2025-04-23,P1001
E2954,1010.43,925.23,2025-04-23,P1001
E2955,1276.13,1254.61,2025-04-23,P1001
E2956,776.95,1963.09,2025-04-23,P1001
E2957,1854.18,91.63,2025-04-23,P1001
E2958,1204.9,1807.27,2025-04-23,P1001
E2959,402.98,1519.86,2025-04-23,P1001
E2960,1775.08,877.37,2025-04-23,P1001
E2961,1745.94,1069.1,2025-04-23,P1001
E2962,1468.46,1835.56,2025-04-23,P1001
E2963,908.31,1552.47,2025-04-23,P1001
E2964,1871.38,470.07,2025-04-23,P1001
E2965,1491.83,146.45,2025-04-23,P1001
E2966,506.2,1599.8,2025-04-23,P1001
E2967,1346.8,1776.8,2025-04-23,P1001
E2968,1052.82,1978.44,2025-04-23,P1001
E2969,1402.92,527.49,2025-04-23,P1001
E2970,1545.3,20.91,2025-04-23,P1001
E2971,1208.89,338.27,2025-04-23,P1001
E2972,1269.04,773.8,2025-04-23,P1001
E2973,1275.04,927.17,2025-04-23,P1001
E2974,832.84,17.1,2025-04-23,P1001
E2975,758.72,267.35,2025-04-23,P1001
E2976,849.3,701.16,2025-04-23,P1001
E2977,873.22,223.77,2025-04-23,P1001
E2978,1297.19,783.92,2025-04-23,P1001
E2979,751.49,1983.39,2025-04-23,P1001
E2980,1834.4,1207.05,2025-04-23,P1001
E2981,535.41,818.02,2025-04-23,P1001
E2982,1093.59,1757.21,2025-04-23,P1001
E2983,1343.26,1802.6,2025-04-23,P1001
E2984,689.75,1802.9,2025-04-23,P1001
E2985,1110.48,1028.96,2025-04-23,P1001
E2986,1737.12,586.41,2025-04-23,P1001
E2987,1099.25,525.76,2025-04-23,P1001
E2988,1636.98,1850.73,2025-04-23,P1001
E2989,1333.92,1473.87,2025-04-23,P1001
E2990,1298.97,1766.15,2025-04-23,P1001
E2991,851.69,757.2,2025-04-23,P1001
E2992,1378.47,1740.28,2025-04-23,P1001
E2993,1564.44,1604.14,2025-04-23,P1001
E2994,1197.67,33.27,2025-04-23,P1001
E2995,480.95,1236.58,2025-04-23,P1001
E2996,503.71,252.47,2025-04-23,P1001
E2997,1238.73,422.21,2025-04-23,P1001
E2998,1672.08,271.99,2025-04-23,P1001
E2999,1671.18,1598.27,2025-04-23,P1001
