TransactionID,EmployeeID,AdminFees,LoanDisbursement,Date
TXN0,E1000,40.36,922.21,2025-04-20
TXN1,E1001,37.25,1012.55,2025-04-18
TXN2,E1002,28.92,888.86,2025-03-30
TXN3,E1003,19.44,890.55,2025-04-07
TXN4,E1004,49.35,1498.96,2025-04-21
TXN5,E1005,25.9,384.32,2025-04-09
TXN6,E1006,14.74,64.33,2025-04-15
TXN7,E1007,11.28,781.79,2025-04-12
TXN8,E1008,28.77,97.79,2025-04-18
TXN9,E1009,15.55,561.99,2025-03-30
TXN10,E1010,49.57,1162.5,2025-03-24
TXN11,E1011,43.51,1076.84,2025-04-08
TXN12,E1012,13.83,361.61,2025-03-30
TXN13,E1013,12.94,932.44,2025-04-06
TXN14,E1014,24.34,150.79,2025-03-27
TXN15,E1015,26.27,1125.64,2025-03-25
TXN16,E1016,18.05,1245.36,2025-04-08
TXN17,E1017,46.26,835.39,2025-04-18
TXN18,E1018,43.84,299.57,2025-04-16
TXN19,E1019,33.9,614.95,2025-04-12
TXN20,E1020,29.68,304.71,2025-04-16
TXN21,E1021,31.77,422.59,2025-04-16
TXN22,E1022,14.48,1126.92,2025-04-16
TXN23,E1023,25.83,191.89,2025-04-10
TXN24,E1024,48.69,1467.08,2025-03-25
TXN25,E1025,5.2,275.09,2025-04-13
TXN26,E1026,42.9,62.36,2025-03-28
TXN27,E1027,8.0,679.2,2025-03-25
TXN28,E1028,43.8,119.73,2025-04-10
TXN29,E1029,14.2,648.25,2025-04-16
TXN30,E1030,48.89,736.6,2025-04-18
TXN31,E1031,24.33,812.12,2025-04-08
TXN32,E1032,41.13,1048.71,2025-04-06
TXN33,E1033,14.93,141.75,2025-04-09
TXN34,E1034,16.09,1090.14,2025-04-08
TXN35,E1035,49.11,1185.33,2025-04-03
TXN36,E1036,22.31,458.17,2025-03-24
TXN37,E1037,48.43,1340.66,2025-03-23
TXN38,E1038,23.07,1203.87,2025-03-29
TXN39,E1039,47.8,1304.9,2025-03-26
TXN40,E1040,37.32,1498.77,2025-04-03
TXN41,E1041,40.74,28.68,2025-03-28
TXN42,E1042,23.86,1499.8,2025-03-23
TXN43,E1043,18.41,480.41,2025-03-31
TXN44,E1044,11.06,651.45,2025-04-14
TXN45,E1045,13.9,843.55,2025-04-21
TXN46,E1046,5.82,483.97,2025-04-19
TXN47,E1047,11.16,1020.62,2025-04-10
TXN48,E1048,11.09,898.46,2025-03-24
TXN49,E1049,15.71,357.95,2025-04-22
TXN50,E1050,22.18,611.33,2025-04-03
TXN51,E1051,45.11,703.87,2025-04-01
TXN52,E1052,47.52,432.04,2025-04-21
TXN53,E1053,27.61,358.26,2025-04-16
TXN54,E1054,30.3,362.38,2025-03-27
TXN55,E1055,29.2,667.16,2025-04-13
TXN56,E1056,43.48,1498.32,2025-04-20
TXN57,E1057,43.8,171.25,2025-03-28
TXN58,E1058,46.61,246.54,2025-04-18
TXN59,E1059,17.64,746.85,2025-03-23
TXN60,E1060,40.48,342.81,2025-04-09
TXN61,E1061,10.72,1418.4,2025-03-23
TXN62,E1062,18.75,675.34,2025-04-04
TXN63,E1063,8.81,1249.27,2025-04-13
TXN64,E1064,35.26,402.78,2025-03-27
TXN65,E1065,40.47,615.41,2025-04-07
TXN66,E1066,22.71,260.1,2025-03-27
TXN67,E1067,35.78,730.56,2025-04-15
TXN68,E1068,15.79,639.56,2025-04-22
TXN69,E1069,45.28,452.41,2025-03-26
TXN70,E1070,29.89,981.12,2025-03-25
TXN71,E1071,29.02,1334.35,2025-03-30
TXN72,E1072,47.73,1486.92,2025-04-19
TXN73,E1073,24.57,854.35,2025-04-10
TXN74,E1074,23.83,1298.11,2025-03-31
TXN75,E1075,32.04,530.12,2025-04-05
TXN76,E1076,49.48,930.14,2025-04-21
TXN77,E1077,23.17,974.34,2025-03-29
TXN78,E1078,19.36,1220.51,2025-03-31
TXN79,E1079,20.41,1301.47,2025-04-13
TXN80,E1080,6.43,1485.52,2025-04-15
TXN81,E1081,17.06,1159.64,2025-03-31
TXN82,E1082,41.83,235.32,2025-04-11
TXN83,E1083,44.55,1289.42,2025-03-26
TXN84,E1084,31.51,1305.44,2025-04-03
TXN85,E1085,44.09,1264.97,2025-04-07
TXN86,E1086,10.65,1430.06,2025-03-30
TXN87,E1087,20.51,1234.07,2025-04-02
TXN88,E1088,14.6,555.47,2025-04-20
TXN89,E1089,26.43,407.15,2025-04-14
TXN90,E1090,33.78,1125.14,2025-04-15
TXN91,E1091,22.0,666.99,2025-04-14
TXN92,E1092,44.02,766.57,2025-04-17
TXN93,E1093,34.2,192.55,2025-03-27
TXN94,E1094,38.28,95.14,2025-04-12
TXN95,E1095,7.19,509.63,2025-04-03
TXN96,E1096,33.29,1062.76,2025-03-31
TXN97,E1097,48.66,1211.29,2025-04-10
TXN98,E1098,28.83,542.97,2025-04-06
TXN99,E1099,10.13,398.32,2025-03-28
TXN100,E1100,21.45,1040.69,2025-04-11
TXN101,E1101,18.02,565.01,2025-04-16
TXN102,E1102,7.09,1420.36,2025-04-07
TXN103,E1103,41.64,1099.06,2025-04-07
TXN104,E1104,14.85,478.36,2025-04-13
TXN105,E1105,34.25,207.36,2025-04-17
TXN106,E1106,29.62,686.92,2025-03-27
TXN107,E1107,36.36,789.25,2025-04-03
TXN108,E1108,42.33,237.96,2025-04-01
TXN109,E1109,14.8,832.16,2025-04-11
TXN110,E1110,26.05,1171.88,2025-04-10
TXN111,E1111,37.98,616.07,2025-04-18
TXN112,E1112,32.44,37.12,2025-04-01
TXN113,E1113,39.0,126.27,2025-04-09
TXN114,E1114,24.16,630.64,2025-04-19
TXN115,E1115,42.5,309.86,2025-04-09
TXN116,E1116,47.56,567.8,2025-04-02
TXN117,E1117,24.74,523.28,2025-03-24
TXN118,E1118,17.76,561.96,2025-04-12
TXN119,E1119,23.77,110.45,2025-03-30
TXN120,E1120,28.24,1077.26,2025-04-08
TXN121,E1121,23.86,970.67,2025-04-03
TXN122,E1122,41.59,471.57,2025-04-18
TXN123,E1123,45.07,51.56,2025-04-18
TXN124,E1124,5.99,488.08,2025-03-30
TXN125,E1125,38.14,1227.2,2025-03-30
TXN126,E1126,38.26,1065.69,2025-04-19
TXN127,E1127,31.01,957.12,2025-03-26
TXN128,E1128,42.18,95.77,2025-04-05
TXN129,E1129,20.55,863.36,2025-04-18
TXN130,E1130,5.32,227.56,2025-03-26
TXN131,E1131,32.14,660.29,2025-04-07
TXN132,E1132,47.03,711.38,2025-04-20
TXN133,E1133,42.97,1181.65,2025-03-28
TXN134,E1134,48.16,705.65,2025-04-20
TXN135,E1135,35.06,1113.3,2025-04-17
TXN136,E1136,12.54,1385.81,2025-04-11
TXN137,E1137,7.82,895.06,2025-04-19
TXN138,E1138,38.1,949.5,2025-04-18
TXN139,E1139,37.05,1402.15,2025-04-19
TXN140,E1140,21.77,648.96,2025-03-30
TXN141,E1141,16.18,1450.37,2025-03-25
TXN142,E1142,13.9,761.14,2025-04-14
TXN143,E1143,37.92,424.77,2025-04-09
TXN144,E1144,10.26,1005.87,2025-04-06
TXN145,E1145,42.27,728.59,2025-04-11
TXN146,E1146,22.63,1057.93,2025-04-08
TXN147,E1147,35.43,81.43,2025-03-23
TXN148,E1148,22.43,1001.46,2025-04-03
TXN149,E1149,13.19,491.65,2025-03-28
TXN150,E1150,9.87,158.01,2025-04-11
TXN151,E1151,7.35,129.08,2025-04-22
TXN152,E1152,17.56,430.31,2025-04-18
TXN153,E1153,49.57,696.3,2025-04-05
TXN154,E1154,10.07,1348.81,2025-03-25
TXN155,E1155,14.78,725.74,2025-04-02
TXN156,E1156,43.77,841.42,2025-04-02
TXN157,E1157,34.51,182.17,2025-04-16
TXN158,E1158,10.4,796.45,2025-04-16
TXN159,E1159,16.66,716.42,2025-04-14
TXN160,E1160,28.29,1488.42,2025-03-30
TXN161,E1161,37.36,1016.95,2025-04-07
TXN162,E1162,22.16,1461.63,2025-03-31
TXN163,E1163,28.56,746.69,2025-04-06
TXN164,E1164,34.85,1380.22,2025-04-03
TXN165,E1165,22.85,118.6,2025-04-16
TXN166,E1166,49.69,515.51,2025-04-01
TXN167,E1167,29.05,1466.68,2025-04-22
TXN168,E1168,7.35,465.75,2025-03-25
TXN169,E1169,30.13,55.84,2025-03-29
TXN170,E1170,19.39,601.77,2025-03-27
TXN171,E1171,28.12,1148.79,2025-03-31
TXN172,E1172,27.59,755.26,2025-04-01
TXN173,E1173,19.67,759.32,2025-03-30
TXN174,E1174,46.16,441.97,2025-04-22
TXN175,E1175,6.88,878.67,2025-03-26
TXN176,E1176,15.48,1258.8,2025-04-08
TXN177,E1177,41.48,395.98,2025-04-19
TXN178,E1178,25.29,738.89,2025-04-02
TXN179,E1179,44.11,6.36,2025-04-17
TXN180,E1180,31.67,185.26,2025-03-28
TXN181,E1181,23.48,432.42,2025-04-12
TXN182,E1182,23.57,1352.31,2025-04-18
TXN183,E1183,49.8,1074.56,2025-04-10
TXN184,E1184,9.43,793.49,2025-04-15
TXN185,E1185,23.28,1461.16,2025-04-15
TXN186,E1186,37.32,1008.27,2025-04-21
TXN187,E1187,29.09,1064.35,2025-04-10
TXN188,E1188,43.69,223.42,2025-04-15
TXN189,E1189,24.62,1356.23,2025-04-07
TXN190,E1190,23.32,1279.22,2025-04-20
TXN191,E1191,47.28,98.92,2025-04-03
TXN192,E1192,29.57,599.6,2025-03-24
TXN193,E1193,29.66,78.11,2025-04-03
TXN194,E1194,10.38,1325.02,2025-04-11
TXN195,E1195,8.85,513.8,2025-04-15
TXN196,E1196,14.59,205.28,2025-04-22
TXN197,E1197,21.43,1175.63,2025-03-24
TXN198,E1198,15.67,139.24,2025-04-10
TXN199,E1199,41.46,93.53,2025-03-27
TXN200,E1200,47.91,465.91,2025-03-28
TXN201,E1201,21.06,401.36,2025-03-24
TXN202,E1202,36.49,1390.06,2025-03-26
TXN203,E1203,33.2,522.66,2025-04-01
TXN204,E1204,42.21,264.32,2025-03-28
TXN205,E1205,32.94,703.22,2025-04-08
TXN206,E1206,21.9,1293.66,2025-03-27
TXN207,E1207,44.81,542.2,2025-04-06
TXN208,E1208,6.83,526.37,2025-03-28
TXN209,E1209,12.76,1330.54,2025-03-25
TXN210,E1210,13.08,329.96,2025-04-19
TXN211,E1211,38.8,737.2,2025-03-27
TXN212,E1212,30.8,134.08,2025-04-01
TXN213,E1213,37.54,1290.86,2025-03-29
TXN214,E1214,32.3,1417.72,2025-03-23
TXN215,E1215,22.59,156.56,2025-03-30
TXN216,E1216,42.65,1082.61,2025-04-01
TXN217,E1217,35.21,1161.78,2025-03-29
TXN218,E1218,18.06,862.75,2025-03-27
TXN219,E1219,23.37,759.95,2025-03-31
TXN220,E1220,25.3,363.59,2025-04-10
TXN221,E1221,9.88,1283.97,2025-04-12
TXN222,E1222,45.9,806.94,2025-04-02
TXN223,E1223,41.65,1012.0,2025-04-05
TXN224,E1224,36.41,1229.28,2025-04-22
TXN225,E1225,12.13,18.6,2025-04-10
TXN226,E1226,43.33,681.01,2025-04-15
TXN227,E1227,42.69,128.95,2025-04-08
TXN228,E1228,47.16,909.63,2025-04-13
TXN229,E1229,13.7,526.11,2025-04-15
TXN230,E1230,30.51,1471.66,2025-04-04
TXN231,E1231,23.57,1450.86,2025-04-13
TXN232,E1232,29.65,6.96,2025-03-25
TXN233,E1233,7.13,589.76,2025-04-03
TXN234,E1234,16.7,558.58,2025-04-03
TXN235,E1235,46.43,604.02,2025-04-01
TXN236,E1236,31.15,142.29,2025-03-31
TXN237,E1237,27.31,414.23,2025-04-02
TXN238,E1238,31.05,1400.96,2025-04-22
TXN239,E1239,30.93,100.55,2025-03-25
TXN240,E1240,45.02,738.75,2025-04-16
TXN241,E1241,49.82,136.57,2025-03-28
TXN242,E1242,17.37,373.34,2025-04-20
TXN243,E1243,38.59,619.19,2025-04-16
TXN244,E1244,35.07,699.4,2025-03-30
TXN245,E1245,23.51,1272.56,2025-04-05
TXN246,E1246,26.76,519.42,2025-04-09
TXN247,E1247,29.05,648.53,2025-04-08
TXN248,E1248,10.0,796.62,2025-04-11
TXN249,E1249,6.88,959.15,2025-04-07
TXN250,E1250,17.91,242.83,2025-04-17
TXN251,E1251,37.48,656.72,2025-04-14
TXN252,E1252,46.1,500.09,2025-04-20
TXN253,E1253,14.15,902.34,2025-04-03
TXN254,E1254,11.34,1381.52,2025-04-17
TXN255,E1255,38.21,1388.26,2025-04-16
TXN256,E1256,6.91,329.31,2025-04-16
TXN257,E1257,39.52,970.37,2025-03-31
TXN258,E1258,21.19,885.76,2025-04-05
TXN259,E1259,12.58,1266.2,2025-04-20
TXN260,E1260,17.69,546.81,2025-04-06
TXN261,E1261,9.07,1400.9,2025-03-30
TXN262,E1262,45.91,797.33,2025-04-03
TXN263,E1263,12.27,44.2,2025-04-09
TXN264,E1264,39.83,556.07,2025-04-20
TXN265,E1265,47.79,236.61,2025-04-09
TXN266,E1266,20.53,1218.85,2025-04-19
TXN267,E1267,46.52,889.56,2025-04-16
TXN268,E1268,37.49,1268.83,2025-03-27
TXN269,E1269,35.88,744.29,2025-04-01
TXN270,E1270,33.67,231.03,2025-03-26
TXN271,E1271,49.27,1074.23,2025-04-14
TXN272,E1272,38.38,1468.38,2025-04-03
TXN273,E1273,6.67,347.84,2025-04-22
TXN274,E1274,29.07,190.25,2025-04-01
TXN275,E1275,18.28,1260.72,2025-04-04
TXN276,E1276,28.86,579.87,2025-04-12
TXN277,E1277,10.26,679.06,2025-04-08
TXN278,E1278,9.47,1074.71,2025-04-22
TXN279,E1279,49.43,900.17,2025-04-21
TXN280,E1280,42.57,616.72,2025-04-18
TXN281,E1281,16.13,971.38,2025-04-18
TXN282,E1282,22.91,561.16,2025-04-21
TXN283,E1283,24.13,1274.89,2025-03-24
TXN284,E1284,44.03,184.2,2025-03-26
TXN285,E1285,14.28,1438.04,2025-04-05
TXN286,E1286,9.39,383.57,2025-04-02
TXN287,E1287,8.72,1128.67,2025-04-11
TXN288,E1288,5.32,130.14,2025-04-04
TXN289,E1289,28.58,1193.83,2025-04-05
TXN290,E1290,48.76,1353.73,2025-03-27
TXN291,E1291,34.21,25.03,2025-04-07
TXN292,E1292,21.94,993.53,2025-04-08
TXN293,E1293,37.68,1314.33,2025-04-06
TXN294,E1294,22.65,420.69,2025-04-17
TXN295,E1295,46.2,628.55,2025-03-29
TXN296,E1296,43.33,1417.08,2025-04-06
TXN297,E1297,33.75,108.69,2025-03-30
TXN298,E1298,28.95,709.0,2025-03-25
TXN299,E1299,32.87,176.33,2025-03-24
TXN300,E1300,26.35,795.27,2025-03-23
TXN301,E1301,10.96,396.97,2025-04-05
TXN302,E1302,47.52,1485.75,2025-03-29
TXN303,E1303,15.29,1481.65,2025-04-11
TXN304,E1304,28.56,975.24,2025-03-31
TXN305,E1305,46.14,392.31,2025-04-09
TXN306,E1306,21.69,308.83,2025-04-05
TXN307,E1307,18.32,1265.04,2025-04-12
TXN308,E1308,44.81,366.95,2025-04-12
TXN309,E1309,6.1,484.72,2025-03-25
TXN310,E1310,17.2,1129.59,2025-03-26
TXN311,E1311,11.55,1266.78,2025-03-24
TXN312,E1312,23.37,582.35,2025-04-12
TXN313,E1313,29.78,69.57,2025-04-10
TXN314,E1314,37.64,1274.08,2025-04-13
TXN315,E1315,38.19,335.27,2025-04-11
TXN316,E1316,7.81,402.62,2025-03-23
TXN317,E1317,6.93,840.15,2025-04-04
TXN318,E1318,23.42,524.54,2025-03-29
TXN319,E1319,43.63,944.07,2025-04-16
TXN320,E1320,10.51,1234.79,2025-04-19
TXN321,E1321,45.27,1115.3,2025-03-23
TXN322,E1322,7.3,474.5,2025-03-23
TXN323,E1323,10.54,1301.64,2025-04-02
TXN324,E1324,9.03,128.34,2025-03-27
TXN325,E1325,31.63,437.33,2025-04-15
TXN326,E1326,20.97,1305.68,2025-04-01
TXN327,E1327,26.1,1351.44,2025-04-02
TXN328,E1328,17.41,94.88,2025-04-02
TXN329,E1329,10.04,595.67,2025-03-26
TXN330,E1330,22.97,676.42,2025-04-16
TXN331,E1331,14.99,278.87,2025-04-07
TXN332,E1332,39.67,149.65,2025-04-20
TXN333,E1333,33.92,1445.37,2025-03-28
TXN334,E1334,46.28,1074.18,2025-04-07
TXN335,E1335,27.28,350.25,2025-03-24
TXN336,E1336,41.25,491.79,2025-04-09
TXN337,E1337,29.92,380.03,2025-04-19
TXN338,E1338,18.33,1052.64,2025-03-29
TXN339,E1339,8.38,460.03,2025-03-28
TXN340,E1340,47.24,969.34,2025-04-22
TXN341,E1341,20.81,1144.59,2025-04-19
TXN342,E1342,14.74,1220.58,2025-03-26
TXN343,E1343,38.15,661.89,2025-03-23
TXN344,E1344,17.08,514.21,2025-04-02
TXN345,E1345,11.46,386.1,2025-04-08
TXN346,E1346,22.61,650.62,2025-04-13
TXN347,E1347,36.36,890.53,2025-03-28
TXN348,E1348,20.09,1432.81,2025-03-25
TXN349,E1349,18.32,944.44,2025-03-31
TXN350,E1350,39.08,434.29,2025-04-01
TXN351,E1351,47.09,250.34,2025-04-17
TXN352,E1352,48.95,1233.83,2025-03-23
TXN353,E1353,43.79,1124.19,2025-04-03
TXN354,E1354,8.0,456.98,2025-03-26
TXN355,E1355,13.16,18.25,2025-04-06
TXN356,E1356,33.32,743.31,2025-04-14
TXN357,E1357,23.98,1123.61,2025-04-04
TXN358,E1358,40.74,1139.89,2025-04-21
TXN359,E1359,42.19,590.37,2025-04-18
TXN360,E1360,11.41,411.23,2025-04-09
TXN361,E1361,46.26,420.96,2025-04-17
TXN362,E1362,36.93,194.47,2025-04-17
TXN363,E1363,23.79,818.27,2025-03-30
TXN364,E1364,35.03,181.94,2025-04-11
TXN365,E1365,32.79,865.5,2025-04-11
TXN366,E1366,15.91,1098.49,2025-03-31
TXN367,E1367,38.87,157.31,2025-04-18
TXN368,E1368,9.81,1199.55,2025-03-26
TXN369,E1369,16.85,987.04,2025-03-31
TXN370,E1370,11.01,1050.93,2025-03-28
TXN371,E1371,38.92,478.73,2025-04-02
TXN372,E1372,8.59,1051.51,2025-03-23
TXN373,E1373,12.79,1333.32,2025-03-30
TXN374,E1374,32.5,883.38,2025-04-10
TXN375,E1375,34.84,810.02,2025-04-19
TXN376,E1376,28.55,1247.37,2025-04-11
TXN377,E1377,21.57,248.1,2025-03-27
TXN378,E1378,32.13,821.85,2025-04-14
TXN379,E1379,24.2,408.18,2025-04-20
TXN380,E1380,19.51,400.4,2025-04-17
TXN381,E1381,32.82,981.56,2025-03-26
TXN382,E1382,29.36,464.83,2025-04-04
TXN383,E1383,5.22,84.18,2025-03-27
TXN384,E1384,33.0,1057.65,2025-04-05
TXN385,E1385,7.27,1466.9,2025-03-29
TXN386,E1386,12.74,106.92,2025-04-08
TXN387,E1387,43.93,357.99,2025-04-21
TXN388,E1388,28.24,524.48,2025-03-28
TXN389,E1389,26.84,993.12,2025-04-01
TXN390,E1390,35.7,826.59,2025-03-27
TXN391,E1391,16.75,37.46,2025-04-15
TXN392,E1392,7.66,977.91,2025-04-15
TXN393,E1393,28.2,554.96,2025-04-18
TXN394,E1394,43.38,630.34,2025-04-02
TXN395,E1395,44.91,1294.81,2025-04-10
TXN396,E1396,49.65,573.79,2025-03-26
TXN397,E1397,11.8,51.21,2025-04-16
TXN398,E1398,42.05,924.88,2025-04-09
TXN399,E1399,37.76,888.98,2025-03-27
TXN400,E1400,20.83,1062.51,2025-04-09
TXN401,E1401,21.92,1011.03,2025-04-04
TXN402,E1402,27.62,897.75,2025-03-23
TXN403,E1403,25.37,340.08,2025-04-15
TXN404,E1404,32.93,527.36,2025-04-20
TXN405,E1405,18.85,1206.66,2025-04-17
TXN406,E1406,14.55,1031.53,2025-04-22
TXN407,E1407,43.59,14.87,2025-03-26
TXN408,E1408,30.38,1327.47,2025-03-29
TXN409,E1409,10.44,248.97,2025-04-11
TXN410,E1410,13.23,570.17,2025-04-22
TXN411,E1411,6.62,1473.41,2025-04-05
TXN412,E1412,31.12,1484.94,2025-04-06
TXN413,E1413,32.76,1181.1,2025-04-21
TXN414,E1414,10.78,433.12,2025-04-21
TXN415,E1415,31.61,1329.4,2025-04-14
TXN416,E1416,15.97,1038.34,2025-04-03
TXN417,E1417,25.54,277.52,2025-04-09
TXN418,E1418,15.55,491.04,2025-04-10
TXN419,E1419,9.91,1080.52,2025-04-18
TXN420,E1420,41.09,80.63,2025-04-01
TXN421,E1421,16.26,530.75,2025-03-30
TXN422,E1422,30.14,1274.44,2025-03-25
TXN423,E1423,20.16,633.8,2025-03-24
TXN424,E1424,49.23,597.49,2025-04-20
TXN425,E1425,39.77,1424.91,2025-04-07
TXN426,E1426,38.31,989.02,2025-04-06
TXN427,E1427,37.88,1464.99,2025-03-27
TXN428,E1428,11.04,79.69,2025-03-27
TXN429,E1429,40.03,1112.17,2025-03-28
TXN430,E1430,43.5,117.21,2025-04-03
TXN431,E1431,22.7,370.16,2025-03-26
TXN432,E1432,36.53,242.71,2025-03-28
TXN433,E1433,44.65,587.19,2025-04-06
TXN434,E1434,37.85,1010.74,2025-03-27
TXN435,E1435,9.91,354.8,2025-04-08
TXN436,E1436,11.22,225.65,2025-03-25
TXN437,E1437,37.42,1012.6,2025-04-09
TXN438,E1438,38.12,736.78,2025-04-21
TXN439,E1439,23.65,570.18,2025-04-01
TXN440,E1440,27.59,1474.44,2025-03-29
TXN441,E1441,22.01,188.73,2025-03-24
TXN442,E1442,16.79,392.29,2025-04-21
TXN443,E1443,12.87,644.62,2025-04-14
TXN444,E1444,16.86,1372.71,2025-04-05
TXN445,E1445,15.8,1294.91,2025-04-19
TXN446,E1446,38.16,1465.6,2025-03-31
TXN447,E1447,19.36,302.63,2025-04-15
TXN448,E1448,11.97,670.95,2025-04-18
TXN449,E1449,17.48,969.69,2025-03-24
TXN450,E1450,39.46,590.72,2025-03-24
TXN451,E1451,47.0,359.43,2025-04-13
TXN452,E1452,34.57,695.42,2025-04-12
TXN453,E1453,9.16,90.37,2025-04-08
TXN454,E1454,14.95,1060.73,2025-04-16
TXN455,E1455,46.9,129.98,2025-04-19
TXN456,E1456,41.92,835.54,2025-04-20
TXN457,E1457,11.15,104.73,2025-03-25
TXN458,E1458,44.1,772.17,2025-04-22
TXN459,E1459,47.02,1050.82,2025-03-25
TXN460,E1460,8.54,41.53,2025-03-31
TXN461,E1461,38.39,1447.31,2025-04-17
TXN462,E1462,44.87,202.79,2025-04-16
TXN463,E1463,27.06,861.42,2025-03-31
TXN464,E1464,10.39,786.87,2025-04-13
TXN465,E1465,29.84,965.38,2025-04-11
TXN466,E1466,25.59,1056.04,2025-04-10
TXN467,E1467,17.95,252.0,2025-04-11
TXN468,E1468,47.5,762.83,2025-03-23
TXN469,E1469,32.68,653.26,2025-04-07
TXN470,E1470,25.66,483.45,2025-04-13
TXN471,E1471,49.77,571.62,2025-03-30
TXN472,E1472,45.62,1187.12,2025-04-17
TXN473,E1473,19.11,456.02,2025-04-09
TXN474,E1474,41.76,606.63,2025-03-30
TXN475,E1475,6.13,689.77,2025-04-20
TXN476,E1476,38.73,1247.37,2025-04-15
TXN477,E1477,44.26,723.53,2025-04-12
TXN478,E1478,6.5,183.26,2025-03-28
TXN479,E1479,26.28,467.9,2025-04-13
TXN480,E1480,19.64,1032.47,2025-04-08
TXN481,E1481,26.0,1079.13,2025-04-08
TXN482,E1482,15.49,861.79,2025-03-29
TXN483,E1483,28.11,1315.42,2025-04-04
TXN484,E1484,40.04,277.37,2025-03-30
TXN485,E1485,31.95,431.41,2025-04-19
TXN486,E1486,29.96,1408.06,2025-03-26
TXN487,E1487,42.0,868.81,2025-03-25
TXN488,E1488,30.42,725.46,2025-04-10
TXN489,E1489,8.36,1357.14,2025-04-01
TXN490,E1490,33.49,20.99,2025-03-24
TXN491,E1491,10.3,1496.69,2025-04-06
TXN492,E1492,49.64,1238.34,2025-04-10
TXN493,E1493,31.12,1347.9,2025-04-07
TXN494,E1494,31.37,1422.44,2025-04-17
TXN495,E1495,10.47,853.31,2025-04-14
TXN496,E1496,14.97,1.58,2025-03-24
TXN497,E1497,41.92,388.55,2025-04-11
TXN498,E1498,24.19,187.66,2025-04-15
TXN499,E1499,6.68,1268.02,2025-04-03
TXN500,E1500,14.76,412.29,2025-04-22
TXN501,E1501,12.35,617.21,2025-04-06
TXN502,E1502,46.39,712.49,2025-04-03
TXN503,E1503,25.3,1003.81,2025-04-05
TXN504,E1504,44.54,1407.8,2025-04-11
TXN505,E1505,31.47,1331.58,2025-04-01
TXN506,E1506,15.96,61.06,2025-04-07
TXN507,E1507,40.06,1039.92,2025-04-21
TXN508,E1508,16.32,655.06,2025-04-05
TXN509,E1509,13.92,319.86,2025-03-29
TXN510,E1510,33.77,1093.03,2025-04-16
TXN511,E1511,6.47,21.76,2025-03-24
TXN512,E1512,32.95,758.44,2025-04-13
TXN513,E1513,37.03,746.83,2025-03-26
TXN514,E1514,33.05,1108.44,2025-04-19
TXN515,E1515,15.18,231.33,2025-03-23
TXN516,E1516,7.9,1465.23,2025-04-14
TXN517,E1517,47.17,275.6,2025-04-03
TXN518,E1518,15.11,903.95,2025-04-10
TXN519,E1519,6.8,787.98,2025-04-21
TXN520,E1520,20.3,490.13,2025-04-20
TXN521,E1521,17.58,1333.75,2025-03-26
TXN522,E1522,5.51,942.07,2025-04-01
TXN523,E1523,49.06,1048.21,2025-03-23
TXN524,E1524,17.55,319.04,2025-04-12
TXN525,E1525,30.4,1365.5,2025-03-31
TXN526,E1526,48.31,185.23,2025-03-27
TXN527,E1527,37.41,911.52,2025-04-13
TXN528,E1528,31.69,868.27,2025-04-07
TXN529,E1529,12.57,442.75,2025-04-12
TXN530,E1530,13.75,988.22,2025-04-02
TXN531,E1531,33.55,774.41,2025-03-23
TXN532,E1532,15.54,336.49,2025-03-29
TXN533,E1533,18.48,782.03,2025-04-06
TXN534,E1534,18.02,30.07,2025-04-04
TXN535,E1535,11.06,8.21,2025-04-10
TXN536,E1536,29.12,1435.56,2025-04-19
TXN537,E1537,38.1,1311.54,2025-04-02
TXN538,E1538,8.31,267.98,2025-04-02
TXN539,E1539,13.96,1049.94,2025-04-21
TXN540,E1540,31.24,830.78,2025-04-22
TXN541,E1541,9.43,1142.12,2025-04-12
TXN542,E1542,10.17,1269.89,2025-03-29
TXN543,E1543,35.78,956.56,2025-04-13
TXN544,E1544,5.31,917.92,2025-04-01
TXN545,E1545,36.48,451.6,2025-04-10
TXN546,E1546,26.55,1290.07,2025-04-19
TXN547,E1547,46.23,1165.61,2025-03-28
TXN548,E1548,32.52,616.42,2025-04-02
TXN549,E1549,42.94,561.46,2025-04-09
TXN550,E1550,48.05,1436.88,2025-04-21
TXN551,E1551,19.53,870.34,2025-03-28
TXN552,E1552,27.53,571.48,2025-04-11
TXN553,E1553,47.78,401.85,2025-04-01
TXN554,E1554,31.86,1390.9,2025-04-08
TXN555,E1555,13.42,33.88,2025-03-27
TXN556,E1556,28.41,533.02,2025-03-29
TXN557,E1557,43.36,1184.75,2025-04-12
TXN558,E1558,12.65,1055.25,2025-04-09
TXN559,E1559,32.67,1468.83,2025-03-26
TXN560,E1560,19.9,1050.64,2025-04-14
TXN561,E1561,40.51,714.69,2025-04-05
TXN562,E1562,11.38,1102.78,2025-04-01
TXN563,E1563,43.42,217.04,2025-04-10
TXN564,E1564,25.52,109.07,2025-04-22
TXN565,E1565,49.49,1337.25,2025-03-24
TXN566,E1566,30.4,1479.07,2025-03-28
TXN567,E1567,5.95,684.7,2025-03-29
TXN568,E1568,41.78,15.0,2025-04-10
TXN569,E1569,16.03,259.46,2025-04-21
TXN570,E1570,11.33,647.37,2025-04-18
TXN571,E1571,11.93,1160.81,2025-03-27
TXN572,E1572,17.74,509.6,2025-04-17
TXN573,E1573,6.12,90.03,2025-04-18
TXN574,E1574,24.51,576.4,2025-04-22
TXN575,E1575,34.88,256.54,2025-03-28
TXN576,E1576,30.53,1234.62,2025-03-31
TXN577,E1577,47.43,1225.27,2025-04-05
TXN578,E1578,35.08,1297.7,2025-03-26
TXN579,E1579,5.97,822.99,2025-04-14
TXN580,E1580,26.8,659.84,2025-03-31
TXN581,E1581,16.88,1159.42,2025-03-26
TXN582,E1582,9.55,667.21,2025-04-15
TXN583,E1583,44.88,1454.67,2025-04-10
TXN584,E1584,10.17,1428.18,2025-04-03
TXN585,E1585,48.49,124.04,2025-04-07
TXN586,E1586,49.39,1392.1,2025-03-30
TXN587,E1587,31.66,1474.25,2025-04-22
TXN588,E1588,49.98,334.31,2025-04-14
TXN589,E1589,10.68,1174.16,2025-04-13
TXN590,E1590,27.79,914.61,2025-04-20
TXN591,E1591,36.92,465.4,2025-03-30
TXN592,E1592,48.48,855.65,2025-04-20
TXN593,E1593,17.8,520.43,2025-04-01
TXN594,E1594,41.0,158.05,2025-03-27
TXN595,E1595,18.4,825.27,2025-04-12
TXN596,E1596,31.78,966.26,2025-04-01
TXN597,E1597,19.34,1347.75,2025-03-28
TXN598,E1598,34.66,1012.37,2025-04-09
TXN599,E1599,47.93,1380.31,2025-03-25
TXN600,E1600,17.61,274.83,2025-04-07
TXN601,E1601,43.06,982.83,2025-04-19
TXN602,E1602,30.82,660.42,2025-04-07
TXN603,E1603,16.54,736.26,2025-03-28
TXN604,E1604,41.5,790.39,2025-04-03
TXN605,E1605,14.43,561.96,2025-04-21
TXN606,E1606,27.56,984.33,2025-04-21
TXN607,E1607,46.47,492.83,2025-04-05
TXN608,E1608,14.61,460.09,2025-03-28
TXN609,E1609,6.04,313.65,2025-04-09
TXN610,E1610,26.16,153.82,2025-03-26
TXN611,E1611,40.85,142.83,2025-04-18
TXN612,E1612,37.1,1166.11,2025-04-07
TXN613,E1613,20.5,524.33,2025-03-30
TXN614,E1614,45.07,856.69,2025-04-17
TXN615,E1615,46.36,1448.5,2025-04-10
TXN616,E1616,48.32,548.07,2025-04-04
TXN617,E1617,23.63,1189.84,2025-04-22
TXN618,E1618,41.68,1255.66,2025-04-18
TXN619,E1619,28.12,5.57,2025-04-21
TXN620,E1620,28.21,1325.21,2025-04-04
TXN621,E1621,28.9,1041.46,2025-04-11
TXN622,E1622,16.81,523.44,2025-04-15
TXN623,E1623,43.08,1368.79,2025-03-23
TXN624,E1624,15.0,404.96,2025-03-28
TXN625,E1625,44.76,929.21,2025-04-06
TXN626,E1626,22.59,1130.09,2025-04-14
TXN627,E1627,21.77,610.75,2025-03-30
TXN628,E1628,12.02,1311.07,2025-03-27
TXN629,E1629,27.3,428.17,2025-04-17
TXN630,E1630,40.34,722.5,2025-03-30
TXN631,E1631,43.2,296.54,2025-03-29
TXN632,E1632,18.55,186.11,2025-04-09
TXN633,E1633,28.89,331.02,2025-03-31
TXN634,E1634,14.85,1453.19,2025-04-01
TXN635,E1635,26.85,193.0,2025-04-16
TXN636,E1636,18.99,1457.42,2025-04-05
TXN637,E1637,11.69,761.78,2025-03-30
TXN638,E1638,40.67,171.96,2025-04-03
TXN639,E1639,20.09,862.43,2025-04-18
TXN640,E1640,22.6,1152.26,2025-04-03
TXN641,E1641,37.08,246.55,2025-03-23
TXN642,E1642,34.46,617.5,2025-04-09
TXN643,E1643,25.17,206.56,2025-04-02
TXN644,E1644,37.68,560.23,2025-03-27
TXN645,E1645,40.72,1132.55,2025-04-11
TXN646,E1646,16.91,818.07,2025-04-15
TXN647,E1647,42.02,1111.68,2025-04-14
TXN648,E1648,33.99,412.75,2025-04-13
TXN649,E1649,17.08,409.36,2025-04-22
TXN650,E1650,11.17,384.72,2025-04-16
TXN651,E1651,32.68,1430.25,2025-03-23
TXN652,E1652,24.75,1143.19,2025-04-05
TXN653,E1653,39.68,1244.55,2025-04-05
TXN654,E1654,47.05,316.32,2025-04-18
TXN655,E1655,43.76,478.66,2025-04-18
TXN656,E1656,27.17,229.75,2025-04-22
TXN657,E1657,34.68,644.12,2025-04-14
TXN658,E1658,10.4,988.81,2025-04-01
TXN659,E1659,20.0,179.56,2025-04-08
TXN660,E1660,27.7,1492.56,2025-03-23
TXN661,E1661,47.16,1226.95,2025-04-08
TXN662,E1662,26.91,420.09,2025-04-17
TXN663,E1663,39.82,1453.95,2025-04-20
TXN664,E1664,32.48,109.39,2025-04-16
TXN665,E1665,29.85,902.69,2025-04-10
TXN666,E1666,39.83,636.38,2025-04-03
TXN667,E1667,19.48,393.52,2025-04-18
TXN668,E1668,23.83,1295.87,2025-04-17
TXN669,E1669,26.87,677.96,2025-03-30
TXN670,E1670,27.08,1057.7,2025-04-13
TXN671,E1671,36.0,387.88,2025-03-23
TXN672,E1672,22.56,585.9,2025-04-06
TXN673,E1673,38.86,42.0,2025-04-05
TXN674,E1674,47.48,231.85,2025-04-06
TXN675,E1675,35.57,190.6,2025-03-25
TXN676,E1676,17.29,1302.21,2025-04-15
TXN677,E1677,5.97,1483.66,2025-04-02
TXN678,E1678,49.68,959.12,2025-03-24
TXN679,E1679,40.19,1433.06,2025-04-03
TXN680,E1680,6.14,957.25,2025-04-03
TXN681,E1681,13.77,66.03,2025-04-04
TXN682,E1682,42.95,253.42,2025-04-13
TXN683,E1683,34.3,816.87,2025-03-25
TXN684,E1684,23.34,1149.31,2025-04-02
TXN685,E1685,49.6,1172.79,2025-03-30
TXN686,E1686,30.21,472.1,2025-03-24
TXN687,E1687,35.72,157.0,2025-04-01
TXN688,E1688,40.94,192.55,2025-04-02
TXN689,E1689,21.93,1108.66,2025-04-09
TXN690,E1690,36.24,497.88,2025-03-30
TXN691,E1691,5.58,1064.61,2025-04-04
TXN692,E1692,34.69,1314.96,2025-04-20
TXN693,E1693,20.63,0.01,2025-03-23
TXN694,E1694,18.12,1275.1,2025-03-28
TXN695,E1695,41.4,1326.55,2025-04-18
TXN696,E1696,17.82,197.35,2025-03-26
TXN697,E1697,35.44,35.5,2025-04-22
TXN698,E1698,47.82,107.18,2025-04-04
TXN699,E1699,39.39,1326.64,2025-04-11
TXN700,E1700,8.64,689.76,2025-04-02
TXN701,E1701,27.14,1013.41,2025-04-22
TXN702,E1702,48.73,434.38,2025-04-01
TXN703,E1703,8.26,763.71,2025-04-09
TXN704,E1704,15.1,360.18,2025-03-31
TXN705,E1705,45.43,1304.25,2025-04-19
TXN706,E1706,17.51,1479.38,2025-04-17
TXN707,E1707,20.95,596.9,2025-04-09
TXN708,E1708,12.66,1059.54,2025-04-22
TXN709,E1709,41.61,259.04,2025-04-22
TXN710,E1710,46.84,269.13,2025-04-02
TXN711,E1711,12.29,702.56,2025-04-20
TXN712,E1712,45.0,311.09,2025-04-04
TXN713,E1713,29.49,809.13,2025-04-04
TXN714,E1714,16.47,1174.4,2025-04-13
TXN715,E1715,23.93,1045.01,2025-04-13
TXN716,E1716,44.48,1243.13,2025-04-04
TXN717,E1717,8.26,1387.53,2025-04-08
TXN718,E1718,25.37,308.15,2025-04-11
TXN719,E1719,25.46,929.99,2025-04-04
TXN720,E1720,38.26,477.85,2025-03-23
TXN721,E1721,39.77,816.59,2025-04-15
TXN722,E1722,21.26,86.11,2025-03-29
TXN723,E1723,31.74,1420.65,2025-04-06
TXN724,E1724,29.45,448.93,2025-03-29
TXN725,E1725,41.86,1039.68,2025-04-19
TXN726,E1726,18.88,964.72,2025-04-01
TXN727,E1727,45.16,454.37,2025-04-19
TXN728,E1728,37.87,751.22,2025-03-24
TXN729,E1729,16.93,994.1,2025-04-07
TXN730,E1730,17.29,520.48,2025-04-20
TXN731,E1731,44.67,1428.02,2025-04-04
TXN732,E1732,30.59,797.32,2025-04-18
TXN733,E1733,6.79,55.83,2025-04-09
TXN734,E1734,18.24,576.53,2025-04-16
TXN735,E1735,27.43,1373.45,2025-03-26
TXN736,E1736,34.61,915.86,2025-04-17
TXN737,E1737,43.74,1112.26,2025-04-08
TXN738,E1738,32.59,913.79,2025-04-08
TXN739,E1739,46.26,252.65,2025-03-29
TXN740,E1740,14.99,763.38,2025-03-28
TXN741,E1741,48.47,967.93,2025-04-16
TXN742,E1742,29.16,141.45,2025-03-30
TXN743,E1743,6.05,293.68,2025-04-18
TXN744,E1744,22.89,334.4,2025-04-21
TXN745,E1745,33.26,1414.76,2025-04-10
TXN746,E1746,45.96,451.49,2025-04-10
TXN747,E1747,27.32,1396.45,2025-03-24
TXN748,E1748,37.04,1339.67,2025-04-07
TXN749,E1749,7.87,679.45,2025-04-01
TXN750,E1750,21.59,951.2,2025-03-25
TXN751,E1751,14.01,1171.6,2025-04-21
TXN752,E1752,31.94,1369.18,2025-04-17
TXN753,E1753,13.21,881.76,2025-04-15
TXN754,E1754,22.64,470.82,2025-04-02
TXN755,E1755,33.66,1284.04,2025-04-03
TXN756,E1756,17.57,571.92,2025-03-23
TXN757,E1757,8.44,121.78,2025-04-13
TXN758,E1758,49.52,1020.54,2025-04-09
TXN759,E1759,42.61,1428.98,2025-04-19
TXN760,E1760,48.17,1462.98,2025-04-06
TXN761,E1761,16.87,315.57,2025-04-22
TXN762,E1762,31.07,126.66,2025-04-14
TXN763,E1763,35.2,823.27,2025-04-09
TXN764,E1764,15.18,532.76,2025-04-21
TXN765,E1765,23.38,708.83,2025-03-23
TXN766,E1766,47.16,824.9,2025-04-22
TXN767,E1767,19.6,671.87,2025-04-22
TXN768,E1768,9.11,815.42,2025-04-02
TXN769,E1769,7.81,1024.73,2025-04-15
TXN770,E1770,31.63,1189.22,2025-04-08
TXN771,E1771,25.25,1365.7,2025-04-13
TXN772,E1772,14.74,482.05,2025-04-06
TXN773,E1773,45.09,579.82,2025-04-10
TXN774,E1774,9.7,480.64,2025-04-15
TXN775,E1775,7.24,270.8,2025-03-23
TXN776,E1776,31.31,1426.7,2025-04-13
TXN777,E1777,32.72,1091.19,2025-04-06
TXN778,E1778,9.97,328.23,2025-04-17
TXN779,E1779,38.07,848.29,2025-04-04
TXN780,E1780,5.25,633.07,2025-04-21
TXN781,E1781,26.19,398.4,2025-03-25
TXN782,E1782,12.06,1357.79,2025-03-28
TXN783,E1783,43.86,1169.63,2025-04-19
TXN784,E1784,34.67,1433.26,2025-03-26
TXN785,E1785,37.89,964.22,2025-03-31
TXN786,E1786,37.18,737.24,2025-04-17
TXN787,E1787,32.11,1002.7,2025-04-20
TXN788,E1788,17.86,270.81,2025-04-11
TXN789,E1789,49.82,1158.92,2025-04-15
TXN790,E1790,10.21,729.51,2025-03-25
TXN791,E1791,33.39,326.63,2025-04-15
TXN792,E1792,13.47,1085.69,2025-04-04
TXN793,E1793,46.05,787.61,2025-04-03
TXN794,E1794,33.88,613.08,2025-03-31
TXN795,E1795,13.54,445.78,2025-04-16
TXN796,E1796,42.16,1119.47,2025-04-11
TXN797,E1797,26.18,258.36,2025-04-05
TXN798,E1798,6.89,706.41,2025-04-17
TXN799,E1799,11.54,1345.1,2025-04-22
TXN800,E1800,48.33,357.98,2025-03-25
TXN801,E1801,6.39,381.14,2025-03-30
TXN802,E1802,43.91,1010.02,2025-04-04
TXN803,E1803,41.61,433.88,2025-03-23
TXN804,E1804,5.59,1255.96,2025-04-15
TXN805,E1805,17.68,329.11,2025-04-06
TXN806,E1806,14.81,672.36,2025-03-25
TXN807,E1807,48.15,1447.77,2025-04-14
TXN808,E1808,37.69,50.19,2025-04-12
TXN809,E1809,36.63,304.9,2025-04-04
TXN810,E1810,20.44,1329.65,2025-04-17
TXN811,E1811,39.25,1052.71,2025-04-13
TXN812,E1812,41.24,613.34,2025-04-04
TXN813,E1813,30.13,1447.61,2025-04-09
TXN814,E1814,6.88,70.07,2025-04-06
TXN815,E1815,19.8,1246.74,2025-03-27
TXN816,E1816,31.42,1441.25,2025-04-02
TXN817,E1817,49.07,488.31,2025-04-17
TXN818,E1818,44.72,930.44,2025-04-03
TXN819,E1819,49.47,984.59,2025-03-27
TXN820,E1820,9.35,231.68,2025-04-16
TXN821,E1821,35.44,979.46,2025-03-26
TXN822,E1822,40.42,934.28,2025-04-20
TXN823,E1823,29.02,1085.09,2025-04-06
TXN824,E1824,32.19,1086.07,2025-04-11
TXN825,E1825,17.53,1065.73,2025-04-09
TXN826,E1826,34.59,634.7,2025-04-08
TXN827,E1827,47.21,136.44,2025-03-29
TXN828,E1828,13.24,360.04,2025-04-20
TXN829,E1829,43.84,480.27,2025-04-06
TXN830,E1830,11.52,5.1,2025-04-17
TXN831,E1831,48.2,935.78,2025-04-10
TXN832,E1832,20.72,898.61,2025-04-21
TXN833,E1833,41.66,826.78,2025-04-13
TXN834,E1834,26.67,738.99,2025-04-17
TXN835,E1835,38.68,427.21,2025-04-04
TXN836,E1836,31.31,46.33,2025-04-06
TXN837,E1837,7.31,873.37,2025-04-05
TXN838,E1838,48.92,309.75,2025-04-06
TXN839,E1839,25.1,568.89,2025-04-18
TXN840,E1840,17.65,575.15,2025-04-10
TXN841,E1841,46.01,1178.74,2025-03-26
TXN842,E1842,42.76,79.38,2025-03-23
TXN843,E1843,8.43,497.61,2025-04-09
TXN844,E1844,44.97,84.17,2025-04-17
TXN845,E1845,21.26,311.39,2025-03-30
TXN846,E1846,18.64,926.47,2025-03-30
TXN847,E1847,26.89,1403.26,2025-04-18
TXN848,E1848,17.22,286.76,2025-04-12
TXN849,E1849,40.5,609.25,2025-04-01
TXN850,E1850,48.54,1348.55,2025-03-31
TXN851,E1851,13.04,779.29,2025-04-14
TXN852,E1852,44.97,403.82,2025-03-27
TXN853,E1853,31.14,1252.46,2025-04-07
TXN854,E1854,33.07,1459.21,2025-04-08
TXN855,E1855,43.6,308.83,2025-04-22
TXN856,E1856,27.7,52.83,2025-04-14
TXN857,E1857,22.83,553.97,2025-04-21
TXN858,E1858,25.29,498.27,2025-04-09
TXN859,E1859,31.19,1109.76,2025-04-14
TXN860,E1860,29.57,258.98,2025-04-16
TXN861,E1861,49.5,255.54,2025-03-24
TXN862,E1862,36.34,869.84,2025-04-06
TXN863,E1863,45.46,1136.45,2025-04-09
TXN864,E1864,16.51,163.83,2025-04-14
TXN865,E1865,35.98,134.45,2025-04-09
TXN866,E1866,26.25,612.08,2025-04-05
TXN867,E1867,27.4,749.35,2025-04-12
TXN868,E1868,46.73,543.32,2025-04-01
TXN869,E1869,30.95,989.79,2025-03-23
TXN870,E1870,40.54,569.64,2025-04-19
TXN871,E1871,28.36,954.49,2025-03-24
TXN872,E1872,14.88,415.96,2025-04-17
TXN873,E1873,27.57,1156.94,2025-04-06
TXN874,E1874,20.92,134.56,2025-03-25
TXN875,E1875,49.37,366.99,2025-04-07
TXN876,E1876,25.26,912.83,2025-04-21
TXN877,E1877,9.56,760.02,2025-04-18
TXN878,E1878,16.82,538.27,2025-04-19
TXN879,E1879,12.05,740.46,2025-03-27
TXN880,E1880,47.28,386.5,2025-04-12
TXN881,E1881,35.45,28.49,2025-03-29
TXN882,E1882,17.3,695.63,2025-03-27
TXN883,E1883,38.27,305.07,2025-04-03
TXN884,E1884,8.0,790.4,2025-04-17
TXN885,E1885,6.79,595.1,2025-03-28
TXN886,E1886,5.01,1315.11,2025-04-09
TXN887,E1887,29.65,1005.42,2025-04-12
TXN888,E1888,32.91,548.77,2025-04-06
TXN889,E1889,8.37,799.34,2025-04-08
TXN890,E1890,18.58,129.4,2025-04-17
TXN891,E1891,10.26,1000.23,2025-04-14
TXN892,E1892,15.88,840.52,2025-04-16
TXN893,E1893,17.01,488.35,2025-03-23
TXN894,E1894,37.39,569.59,2025-04-14
TXN895,E1895,28.55,70.73,2025-04-19
TXN896,E1896,44.3,428.84,2025-04-09
TXN897,E1897,42.1,100.74,2025-04-08
TXN898,E1898,36.64,1078.14,2025-03-31
TXN899,E1899,30.38,894.72,2025-04-17
TXN900,E1900,46.59,1369.74,2025-04-15
TXN901,E1901,9.35,530.93,2025-04-10
TXN902,E1902,27.6,979.26,2025-03-23
TXN903,E1903,34.72,202.61,2025-04-09
TXN904,E1904,35.11,922.35,2025-04-11
TXN905,E1905,47.83,753.65,2025-04-20
TXN906,E1906,37.64,788.69,2025-04-09
TXN907,E1907,48.08,249.25,2025-03-29
TXN908,E1908,24.16,48.12,2025-04-14
TXN909,E1909,33.62,829.36,2025-04-03
TXN910,E1910,10.98,178.0,2025-04-06
TXN911,E1911,16.94,1340.63,2025-04-12
TXN912,E1912,10.46,875.96,2025-03-28
TXN913,E1913,39.13,1380.4,2025-04-21
TXN914,E1914,28.62,424.97,2025-04-18
TXN915,E1915,16.21,1398.67,2025-04-08
TXN916,E1916,7.22,412.34,2025-04-18
TXN917,E1917,41.21,1138.79,2025-04-05
TXN918,E1918,34.8,1.69,2025-04-21
TXN919,E1919,10.86,446.19,2025-04-07
TXN920,E1920,22.32,278.92,2025-04-16
TXN921,E1921,40.11,321.18,2025-03-29
TXN922,E1922,39.16,885.64,2025-04-11
TXN923,E1923,31.55,1480.09,2025-04-13
TXN924,E1924,26.18,28.61,2025-04-09
TXN925,E1925,25.99,1303.28,2025-04-06
TXN926,E1926,29.74,65.53,2025-04-01
TXN927,E1927,42.15,1014.88,2025-04-03
TXN928,E1928,19.5,562.14,2025-04-07
TXN929,E1929,40.47,35.48,2025-04-03
TXN930,E1930,6.49,668.44,2025-04-08
TXN931,E1931,5.25,860.23,2025-03-23
TXN932,E1932,7.96,1114.66,2025-03-28
TXN933,E1933,28.1,709.5,2025-03-27
TXN934,E1934,35.79,1192.43,2025-03-24
TXN935,E1935,9.81,192.06,2025-04-03
TXN936,E1936,47.65,939.11,2025-03-27
TXN937,E1937,26.75,195.48,2025-03-26
TXN938,E1938,13.04,168.06,2025-03-29
TXN939,E1939,18.94,467.61,2025-04-18
TXN940,E1940,47.89,373.94,2025-04-22
TXN941,E1941,30.8,930.44,2025-04-18
TXN942,E1942,39.43,324.74,2025-03-27
TXN943,E1943,30.9,513.57,2025-03-25
TXN944,E1944,10.95,101.89,2025-04-13
TXN945,E1945,5.32,178.11,2025-03-26
TXN946,E1946,25.67,1144.91,2025-04-10
TXN947,E1947,13.26,159.54,2025-03-27
TXN948,E1948,7.15,753.94,2025-04-10
TXN949,E1949,9.52,1007.69,2025-04-16
TXN950,E1950,16.21,1304.89,2025-04-02
TXN951,E1951,28.14,1356.03,2025-04-18
TXN952,E1952,30.51,10.26,2025-04-11
TXN953,E1953,44.7,869.91,2025-04-12
TXN954,E1954,41.77,881.85,2025-03-30
TXN955,E1955,41.61,201.95,2025-03-27
TXN956,E1956,9.51,905.83,2025-04-06
TXN957,E1957,15.75,1417.64,2025-04-19
TXN958,E1958,35.64,1405.34,2025-03-29
TXN959,E1959,33.51,102.58,2025-04-21
TXN960,E1960,25.93,880.01,2025-04-17
TXN961,E1961,48.12,110.5,2025-03-24
TXN962,E1962,26.79,247.03,2025-04-19
TXN963,E1963,14.21,362.52,2025-03-23
TXN964,E1964,34.22,504.23,2025-03-26
TXN965,E1965,13.87,1232.17,2025-04-19
TXN966,E1966,16.72,1111.19,2025-04-20
TXN967,E1967,22.1,1475.73,2025-04-10
TXN968,E1968,34.42,1469.44,2025-03-26
TXN969,E1969,38.27,383.18,2025-04-08
TXN970,E1970,10.69,1496.38,2025-03-26
TXN971,E1971,44.32,1499.57,2025-04-20
TXN972,E1972,21.71,639.32,2025-04-15
TXN973,E1973,33.83,846.5,2025-03-29
TXN974,E1974,16.25,296.57,2025-03-24
TXN975,E1975,20.46,866.59,2025-03-29
TXN976,E1976,49.37,548.48,2025-03-27
TXN977,E1977,16.79,1081.89,2025-04-07
TXN978,E1978,26.89,1042.68,2025-04-05
TXN979,E1979,34.97,978.87,2025-04-01
TXN980,E1980,23.75,958.1,2025-04-17
TXN981,E1981,9.04,1260.48,2025-03-25
TXN982,E1982,41.45,170.41,2025-04-04
TXN983,E1983,19.52,779.11,2025-04-06
TXN984,E1984,40.81,1209.09,2025-03-31
TXN985,E1985,48.63,468.92,2025-04-07
TXN986,E1986,6.39,85.67,2025-04-15
TXN987,E1987,49.99,1367.49,2025-03-27
TXN988,E1988,17.89,1499.31,2025-03-27
TXN989,E1989,44.44,384.64,2025-03-26
TXN990,E1990,32.04,291.28,2025-04-06
TXN991,E1991,24.67,1153.48,2025-03-23
TXN992,E1992,14.9,1268.78,2025-04-14
TXN993,E1993,43.72,1384.15,2025-04-05
TXN994,E1994,7.49,671.05,2025-04-11
TXN995,E1995,39.48,888.57,2025-04-22
TXN996,E1996,16.21,38.12,2025-04-10
TXN997,E1997,9.86,250.13,2025-03-30
TXN998,E1998,31.33,95.53,2025-04-04
TXN999,E1999,13.89,39.63,2025-04-02
TXN1000,E2000,34.66,1286.78,2025-04-19
TXN1001,E2001,12.08,513.63,2025-04-01
TXN1002,E2002,32.32,1219.66,2025-04-09
TXN1003,E2003,12.01,33.59,2025-04-21
TXN1004,E2004,24.78,450.76,2025-03-29
TXN1005,E2005,19.19,1475.23,2025-04-07
TXN1006,E2006,12.51,1125.04,2025-04-19
TXN1007,E2007,6.09,836.8,2025-03-27
TXN1008,E2008,41.86,977.07,2025-03-31
TXN1009,E2009,44.51,663.3,2025-04-20
TXN1010,E2010,26.57,212.68,2025-04-07
TXN1011,E2011,7.64,972.64,2025-03-26
TXN1012,E2012,24.53,827.64,2025-04-08
TXN1013,E2013,42.49,485.64,2025-04-18
TXN1014,E2014,43.25,680.31,2025-04-13
TXN1015,E2015,5.11,525.43,2025-04-04
TXN1016,E2016,34.61,1173.19,2025-04-19
TXN1017,E2017,46.95,1367.11,2025-04-18
TXN1018,E2018,15.04,581.92,2025-04-08
TXN1019,E2019,39.09,1244.53,2025-04-03
TXN1020,E2020,28.49,766.92,2025-03-31
TXN1021,E2021,17.25,719.58,2025-04-12
TXN1022,E2022,11.97,1420.95,2025-04-13
TXN1023,E2023,42.77,98.47,2025-03-28
TXN1024,E2024,41.75,890.71,2025-04-20
TXN1025,E2025,7.84,1194.92,2025-04-02
TXN1026,E2026,47.83,798.08,2025-04-07
TXN1027,E2027,5.29,59.17,2025-04-07
TXN1028,E2028,47.99,1472.03,2025-04-15
TXN1029,E2029,27.09,985.83,2025-03-29
TXN1030,E2030,9.98,368.69,2025-04-17
TXN1031,E2031,39.2,842.11,2025-04-22
TXN1032,E2032,35.85,1312.41,2025-04-06
TXN1033,E2033,40.74,247.52,2025-03-29
TXN1034,E2034,49.77,1452.02,2025-04-06
TXN1035,E2035,26.06,1431.7,2025-04-12
TXN1036,E2036,30.17,762.66,2025-03-27
TXN1037,E2037,23.61,1077.7,2025-04-19
TXN1038,E2038,7.24,1369.93,2025-03-30
TXN1039,E2039,41.89,699.62,2025-04-19
TXN1040,E2040,26.36,805.83,2025-04-09
TXN1041,E2041,23.68,221.33,2025-04-08
TXN1042,E2042,12.81,388.79,2025-04-17
TXN1043,E2043,45.43,486.98,2025-03-26
TXN1044,E2044,31.91,1241.9,2025-04-16
TXN1045,E2045,29.35,189.47,2025-04-06
TXN1046,E2046,48.94,1320.1,2025-04-10
TXN1047,E2047,21.62,271.29,2025-04-21
TXN1048,E2048,11.93,1184.39,2025-04-06
TXN1049,E2049,15.17,554.71,2025-03-24
TXN1050,E2050,17.9,181.25,2025-04-21
TXN1051,E2051,37.71,608.76,2025-04-03
TXN1052,E2052,22.49,82.21,2025-04-15
TXN1053,E2053,47.72,600.64,2025-03-27
TXN1054,E2054,17.5,468.22,2025-04-18
TXN1055,E2055,37.93,782.15,2025-04-19
TXN1056,E2056,30.32,656.17,2025-03-31
TXN1057,E2057,20.81,199.97,2025-04-15
TXN1058,E2058,41.47,218.05,2025-04-12
TXN1059,E2059,42.42,10.03,2025-04-10
TXN1060,E2060,30.57,1211.44,2025-04-14
TXN1061,E2061,22.58,955.55,2025-03-23
TXN1062,E2062,14.53,543.33,2025-04-08
TXN1063,E2063,43.09,45.87,2025-04-20
TXN1064,E2064,44.08,131.05,2025-04-11
TXN1065,E2065,41.37,740.69,2025-04-07
TXN1066,E2066,28.17,842.67,2025-03-25
TXN1067,E2067,43.67,1235.6,2025-04-21
TXN1068,E2068,45.12,762.91,2025-04-22
TXN1069,E2069,8.36,1160.43,2025-04-21
TXN1070,E2070,43.36,414.51,2025-04-21
TXN1071,E2071,42.02,460.91,2025-04-09
TXN1072,E2072,11.17,654.8,2025-03-31
TXN1073,E2073,9.94,1224.98,2025-03-31
TXN1074,E2074,46.0,634.58,2025-03-23
TXN1075,E2075,36.33,1138.51,2025-03-28
TXN1076,E2076,10.83,1114.99,2025-03-24
TXN1077,E2077,13.23,847.23,2025-03-28
TXN1078,E2078,9.06,1075.71,2025-04-14
TXN1079,E2079,35.92,731.55,2025-03-30
TXN1080,E2080,25.35,438.72,2025-04-05
TXN1081,E2081,13.69,655.63,2025-04-17
TXN1082,E2082,7.85,983.65,2025-04-07
TXN1083,E2083,14.35,1132.8,2025-03-25
TXN1084,E2084,6.75,1491.74,2025-03-28
TXN1085,E2085,13.89,1183.79,2025-04-02
TXN1086,E2086,23.99,916.48,2025-04-03
TXN1087,E2087,41.44,1458.64,2025-04-05
TXN1088,E2088,38.22,470.73,2025-04-09
TXN1089,E2089,38.2,665.14,2025-04-11
TXN1090,E2090,36.75,820.01,2025-03-26
TXN1091,E2091,11.67,1363.73,2025-04-08
TXN1092,E2092,25.1,283.04,2025-04-22
TXN1093,E2093,36.94,724.05,2025-04-10
TXN1094,E2094,43.57,461.14,2025-03-23
TXN1095,E2095,14.02,265.79,2025-04-04
TXN1096,E2096,25.01,565.87,2025-04-10
TXN1097,E2097,13.49,314.98,2025-04-16
TXN1098,E2098,16.42,938.88,2025-03-27
TXN1099,E2099,5.14,1497.36,2025-04-22
TXN1100,E2100,31.28,283.75,2025-04-21
TXN1101,E2101,40.37,773.85,2025-04-10
TXN1102,E2102,5.89,303.05,2025-04-22
TXN1103,E2103,49.75,895.55,2025-04-06
TXN1104,E2104,33.43,375.28,2025-04-16
TXN1105,E2105,37.43,1423.99,2025-04-19
TXN1106,E2106,19.39,185.54,2025-04-22
TXN1107,E2107,36.84,24.41,2025-04-08
TXN1108,E2108,7.84,1377.94,2025-03-27
TXN1109,E2109,43.42,1020.78,2025-03-26
TXN1110,E2110,29.55,816.76,2025-03-30
TXN1111,E2111,17.67,560.39,2025-04-22
TXN1112,E2112,48.92,1145.75,2025-04-20
TXN1113,E2113,15.42,275.59,2025-04-11
TXN1114,E2114,22.54,954.86,2025-04-07
TXN1115,E2115,16.54,1001.34,2025-04-21
TXN1116,E2116,31.65,56.91,2025-03-26
TXN1117,E2117,12.8,477.55,2025-04-21
TXN1118,E2118,14.64,76.74,2025-04-17
TXN1119,E2119,35.65,1414.47,2025-03-28
TXN1120,E2120,32.3,221.57,2025-04-16
TXN1121,E2121,45.69,730.03,2025-03-28
TXN1122,E2122,21.74,843.4,2025-03-25
TXN1123,E2123,33.78,1254.66,2025-04-06
TXN1124,E2124,33.41,1271.3,2025-03-25
TXN1125,E2125,15.53,1072.28,2025-04-07
TXN1126,E2126,38.83,1178.56,2025-04-02
TXN1127,E2127,39.49,716.89,2025-03-27
TXN1128,E2128,29.87,846.51,2025-04-05
TXN1129,E2129,21.91,252.39,2025-03-28
TXN1130,E2130,46.15,1218.95,2025-04-22
TXN1131,E2131,44.18,371.79,2025-03-28
TXN1132,E2132,31.25,1138.5,2025-04-22
TXN1133,E2133,46.61,633.91,2025-04-16
TXN1134,E2134,30.89,286.18,2025-03-24
TXN1135,E2135,41.83,142.47,2025-04-20
TXN1136,E2136,34.65,1122.07,2025-04-02
TXN1137,E2137,45.39,318.08,2025-04-10
TXN1138,E2138,31.07,1471.59,2025-03-23
TXN1139,E2139,42.38,309.32,2025-04-01
TXN1140,E2140,42.24,1187.27,2025-03-25
TXN1141,E2141,39.78,1343.78,2025-04-16
TXN1142,E2142,26.82,540.49,2025-04-13
TXN1143,E2143,32.87,507.93,2025-04-06
TXN1144,E2144,26.33,1091.79,2025-03-25
TXN1145,E2145,31.12,362.9,2025-03-31
TXN1146,E2146,47.07,1195.87,2025-03-30
TXN1147,E2147,16.07,818.86,2025-03-27
TXN1148,E2148,6.83,835.61,2025-04-11
TXN1149,E2149,44.47,1178.38,2025-04-08
TXN1150,E2150,34.26,291.51,2025-04-15
TXN1151,E2151,28.56,882.84,2025-03-25
TXN1152,E2152,29.53,60.15,2025-03-27
TXN1153,E2153,30.0,1020.24,2025-04-20
TXN1154,E2154,40.28,665.15,2025-04-01
TXN1155,E2155,23.13,435.27,2025-04-02
TXN1156,E2156,17.72,297.66,2025-04-09
TXN1157,E2157,11.35,1084.89,2025-04-09
TXN1158,E2158,32.0,1141.82,2025-04-17
TXN1159,E2159,49.08,1406.66,2025-04-16
TXN1160,E2160,14.87,367.51,2025-04-10
TXN1161,E2161,36.88,557.12,2025-04-12
TXN1162,E2162,32.41,1108.18,2025-04-09
TXN1163,E2163,9.59,431.21,2025-04-14
TXN1164,E2164,23.17,526.79,2025-04-02
TXN1165,E2165,41.8,776.86,2025-04-15
TXN1166,E2166,14.73,845.22,2025-03-24
TXN1167,E2167,49.3,1123.37,2025-04-07
TXN1168,E2168,16.9,1153.3,2025-03-30
TXN1169,E2169,41.76,54.66,2025-04-08
TXN1170,E2170,39.59,436.24,2025-04-20
TXN1171,E2171,31.14,900.48,2025-04-07
TXN1172,E2172,22.22,380.76,2025-04-08
TXN1173,E2173,20.97,1322.63,2025-03-25
TXN1174,E2174,48.08,219.3,2025-03-29
TXN1175,E2175,43.69,378.49,2025-04-17
TXN1176,E2176,32.53,327.4,2025-04-15
TXN1177,E2177,8.35,90.94,2025-03-30
TXN1178,E2178,16.21,560.23,2025-04-02
TXN1179,E2179,14.18,483.54,2025-04-19
TXN1180,E2180,38.25,433.71,2025-04-12
TXN1181,E2181,26.34,490.43,2025-04-12
TXN1182,E2182,6.08,237.78,2025-04-14
TXN1183,E2183,48.95,1212.28,2025-03-29
TXN1184,E2184,43.68,1457.42,2025-04-10
TXN1185,E2185,13.97,1465.11,2025-04-12
TXN1186,E2186,32.04,241.79,2025-04-21
TXN1187,E2187,43.73,422.2,2025-04-20
TXN1188,E2188,17.15,756.08,2025-03-26
TXN1189,E2189,42.41,773.44,2025-04-08
TXN1190,E2190,7.18,1470.15,2025-04-15
TXN1191,E2191,25.63,148.39,2025-04-11
TXN1192,E2192,45.33,152.42,2025-04-03
TXN1193,E2193,44.3,380.89,2025-04-21
TXN1194,E2194,39.31,437.94,2025-03-27
TXN1195,E2195,6.89,1449.4,2025-04-01
TXN1196,E2196,28.73,1331.12,2025-04-16
TXN1197,E2197,46.1,522.08,2025-03-29
TXN1198,E2198,35.7,818.06,2025-04-04
TXN1199,E2199,24.5,1237.14,2025-03-23
TXN1200,E2200,26.11,1086.96,2025-04-10
TXN1201,E2201,15.04,1396.91,2025-04-14
TXN1202,E2202,28.83,1074.79,2025-04-06
TXN1203,E2203,21.36,188.12,2025-04-22
TXN1204,E2204,17.15,1135.14,2025-04-08
TXN1205,E2205,47.4,642.01,2025-04-09
TXN1206,E2206,34.16,746.49,2025-04-12
TXN1207,E2207,49.25,309.63,2025-04-21
TXN1208,E2208,48.05,918.56,2025-03-23
TXN1209,E2209,46.14,999.83,2025-04-03
TXN1210,E2210,10.08,586.87,2025-03-25
TXN1211,E2211,32.15,153.82,2025-03-27
TXN1212,E2212,24.83,1426.96,2025-04-16
TXN1213,E2213,38.4,980.78,2025-04-08
TXN1214,E2214,10.29,435.93,2025-03-31
TXN1215,E2215,25.81,90.82,2025-03-30
TXN1216,E2216,11.0,1138.96,2025-04-21
TXN1217,E2217,40.03,1085.58,2025-04-22
TXN1218,E2218,16.33,1322.53,2025-03-26
TXN1219,E2219,27.71,877.5,2025-03-23
TXN1220,E2220,36.65,840.23,2025-03-27
TXN1221,E2221,11.32,1048.76,2025-04-15
TXN1222,E2222,42.92,105.3,2025-04-20
TXN1223,E2223,36.46,813.18,2025-03-24
TXN1224,E2224,40.1,1365.48,2025-04-16
TXN1225,E2225,16.12,668.41,2025-04-01
TXN1226,E2226,44.35,531.37,2025-04-20
TXN1227,E2227,41.83,915.25,2025-03-23
TXN1228,E2228,39.33,961.8,2025-04-14
TXN1229,E2229,37.07,847.86,2025-04-16
TXN1230,E2230,31.21,69.69,2025-03-25
TXN1231,E2231,25.35,661.89,2025-04-07
TXN1232,E2232,9.14,1246.1,2025-04-17
TXN1233,E2233,42.89,856.47,2025-04-20
TXN1234,E2234,18.18,1217.85,2025-04-14
TXN1235,E2235,37.72,438.51,2025-04-16
TXN1236,E2236,6.97,651.99,2025-04-15
TXN1237,E2237,30.77,1219.72,2025-03-27
TXN1238,E2238,18.73,1381.31,2025-04-13
TXN1239,E2239,17.83,1103.88,2025-03-28
TXN1240,E2240,36.17,257.6,2025-03-29
TXN1241,E2241,14.13,425.11,2025-04-12
TXN1242,E2242,33.47,662.77,2025-04-15
TXN1243,E2243,31.8,245.49,2025-04-18
TXN1244,E2244,18.87,435.2,2025-03-26
TXN1245,E2245,47.89,179.04,2025-04-16
TXN1246,E2246,31.79,244.77,2025-04-17
TXN1247,E2247,43.75,527.86,2025-04-13
TXN1248,E2248,7.23,916.46,2025-03-27
TXN1249,E2249,42.33,367.35,2025-03-30
TXN1250,E2250,22.68,1046.43,2025-04-15
TXN1251,E2251,46.57,304.5,2025-04-11
TXN1252,E2252,6.94,1354.82,2025-04-04
TXN1253,E2253,36.47,342.99,2025-03-30
TXN1254,E2254,13.34,258.74,2025-04-08
TXN1255,E2255,7.93,1498.98,2025-04-07
TXN1256,E2256,12.96,1008.66,2025-04-16
TXN1257,E2257,39.66,126.89,2025-04-19
TXN1258,E2258,13.22,758.67,2025-04-18
TXN1259,E2259,22.92,228.51,2025-04-07
TXN1260,E2260,45.07,203.2,2025-03-31
TXN1261,E2261,17.66,450.27,2025-04-18
TXN1262,E2262,27.03,1354.0,2025-04-03
TXN1263,E2263,10.0,1178.28,2025-04-12
TXN1264,E2264,30.04,733.16,2025-04-21
TXN1265,E2265,13.51,852.6,2025-04-01
TXN1266,E2266,14.49,122.3,2025-04-07
TXN1267,E2267,44.38,1350.23,2025-04-13
TXN1268,E2268,41.39,85.69,2025-03-29
TXN1269,E2269,17.92,1284.85,2025-03-31
TXN1270,E2270,30.54,594.73,2025-03-23
TXN1271,E2271,28.22,110.58,2025-04-06
TXN1272,E2272,18.83,781.27,2025-03-25
TXN1273,E2273,15.05,108.44,2025-04-02
TXN1274,E2274,17.0,930.08,2025-04-12
TXN1275,E2275,32.84,1157.8,2025-04-19
TXN1276,E2276,30.74,702.28,2025-04-10
TXN1277,E2277,48.22,799.72,2025-04-22
TXN1278,E2278,32.24,303.39,2025-04-20
TXN1279,E2279,17.0,1206.8,2025-04-06
TXN1280,E2280,36.46,194.75,2025-04-16
TXN1281,E2281,15.32,1060.75,2025-04-19
TXN1282,E2282,6.84,835.18,2025-04-21
TXN1283,E2283,46.84,431.4,2025-04-10
TXN1284,E2284,5.76,600.79,2025-04-20
TXN1285,E2285,8.19,8.59,2025-04-11
TXN1286,E2286,24.0,299.91,2025-04-22
TXN1287,E2287,6.5,1454.68,2025-04-11
TXN1288,E2288,17.57,239.85,2025-03-27
TXN1289,E2289,17.35,998.3,2025-03-23
TXN1290,E2290,8.29,181.94,2025-04-04
TXN1291,E2291,10.32,164.9,2025-04-14
TXN1292,E2292,9.03,369.06,2025-04-12
TXN1293,E2293,30.33,455.69,2025-04-19
TXN1294,E2294,27.49,1226.01,2025-04-13
TXN1295,E2295,7.43,890.07,2025-03-23
TXN1296,E2296,14.58,996.55,2025-04-09
TXN1297,E2297,14.07,146.21,2025-04-07
TXN1298,E2298,20.99,519.78,2025-03-25
TXN1299,E2299,42.09,988.1,2025-04-20
TXN1300,E2300,9.44,1381.24,2025-03-29
TXN1301,E2301,16.15,646.63,2025-04-18
TXN1302,E2302,15.31,603.19,2025-04-07
TXN1303,E2303,31.75,900.85,2025-04-04
TXN1304,E2304,13.18,716.31,2025-04-22
TXN1305,E2305,48.06,615.1,2025-04-07
TXN1306,E2306,9.72,238.5,2025-03-27
TXN1307,E2307,22.12,482.11,2025-04-03
TXN1308,E2308,28.41,921.51,2025-04-12
TXN1309,E2309,18.38,751.04,2025-04-07
TXN1310,E2310,34.52,338.41,2025-04-02
TXN1311,E2311,34.03,547.44,2025-04-01
TXN1312,E2312,25.68,704.4,2025-04-02
TXN1313,E2313,32.74,1112.88,2025-04-21
TXN1314,E2314,46.95,1002.72,2025-03-30
TXN1315,E2315,21.67,1092.0,2025-04-08
TXN1316,E2316,44.35,631.77,2025-04-01
TXN1317,E2317,40.16,1302.08,2025-03-30
TXN1318,E2318,38.06,596.8,2025-04-15
TXN1319,E2319,35.04,6.3,2025-04-21
TXN1320,E2320,16.81,933.0,2025-03-31
TXN1321,E2321,13.12,400.04,2025-04-22
TXN1322,E2322,36.45,103.85,2025-04-19
TXN1323,E2323,25.59,1187.02,2025-04-02
TXN1324,E2324,7.32,425.1,2025-04-04
TXN1325,E2325,10.69,881.83,2025-04-09
TXN1326,E2326,16.89,175.31,2025-03-31
TXN1327,E2327,29.97,19.51,2025-03-29
TXN1328,E2328,9.62,706.41,2025-04-19
TXN1329,E2329,49.42,1430.55,2025-04-19
TXN1330,E2330,48.45,676.48,2025-04-22
TXN1331,E2331,17.76,753.63,2025-03-24
TXN1332,E2332,24.82,679.46,2025-03-27
TXN1333,E2333,36.8,1045.95,2025-04-09
TXN1334,E2334,18.82,522.32,2025-03-24
TXN1335,E2335,20.65,1289.48,2025-04-22
TXN1336,E2336,46.48,1399.3,2025-04-09
TXN1337,E2337,6.34,297.24,2025-04-01
TXN1338,E2338,39.32,887.33,2025-03-23
TXN1339,E2339,7.11,1493.25,2025-03-23
TXN1340,E2340,25.01,745.45,2025-04-22
TXN1341,E2341,25.06,1478.72,2025-04-07
TXN1342,E2342,47.93,324.43,2025-04-17
TXN1343,E2343,35.96,121.1,2025-04-20
TXN1344,E2344,39.53,424.44,2025-04-16
TXN1345,E2345,7.16,360.82,2025-04-05
TXN1346,E2346,46.08,1039.97,2025-04-15
TXN1347,E2347,19.76,534.26,2025-04-07
TXN1348,E2348,10.68,883.21,2025-04-03
TXN1349,E2349,44.14,1004.44,2025-04-11
TXN1350,E2350,5.16,64.24,2025-04-10
TXN1351,E2351,12.44,441.4,2025-03-30
TXN1352,E2352,27.56,1062.7,2025-03-28
TXN1353,E2353,48.21,923.07,2025-04-10
TXN1354,E2354,5.43,981.41,2025-04-21
TXN1355,E2355,40.55,1128.64,2025-03-31
TXN1356,E2356,28.42,471.29,2025-03-29
TXN1357,E2357,22.95,815.21,2025-04-16
TXN1358,E2358,44.89,661.83,2025-04-13
TXN1359,E2359,34.72,660.08,2025-04-20
TXN1360,E2360,38.59,1402.22,2025-04-21
TXN1361,E2361,7.54,557.67,2025-04-10
TXN1362,E2362,15.15,1074.18,2025-04-05
TXN1363,E2363,42.8,1357.44,2025-03-26
TXN1364,E2364,29.38,1374.92,2025-03-25
TXN1365,E2365,28.62,1486.91,2025-04-14
TXN1366,E2366,48.64,1438.87,2025-04-14
TXN1367,E2367,34.01,218.3,2025-03-26
TXN1368,E2368,21.37,388.29,2025-03-24
TXN1369,E2369,39.5,402.4,2025-04-13
TXN1370,E2370,26.38,995.19,2025-04-17
TXN1371,E2371,22.9,1146.92,2025-04-03
TXN1372,E2372,13.4,548.22,2025-03-31
TXN1373,E2373,10.14,621.44,2025-04-21
TXN1374,E2374,33.63,508.76,2025-03-24
TXN1375,E2375,44.33,785.69,2025-04-04
TXN1376,E2376,22.9,1199.67,2025-04-21
TXN1377,E2377,24.86,667.39,2025-03-24
TXN1378,E2378,39.89,188.49,2025-04-11
TXN1379,E2379,6.71,1311.61,2025-04-19
TXN1380,E2380,26.6,1173.19,2025-04-05
TXN1381,E2381,7.71,1183.18,2025-03-30
TXN1382,E2382,5.33,1308.71,2025-04-10
TXN1383,E2383,9.12,1319.74,2025-04-05
TXN1384,E2384,6.49,560.82,2025-04-07
TXN1385,E2385,29.56,1339.44,2025-03-30
TXN1386,E2386,38.74,597.35,2025-03-30
TXN1387,E2387,12.02,57.82,2025-04-02
TXN1388,E2388,40.91,128.67,2025-04-15
TXN1389,E2389,9.63,791.52,2025-04-07
TXN1390,E2390,20.01,422.9,2025-04-14
TXN1391,E2391,29.14,425.14,2025-03-27
TXN1392,E2392,12.6,190.57,2025-04-06
TXN1393,E2393,19.24,38.34,2025-03-25
TXN1394,E2394,41.83,937.04,2025-04-09
TXN1395,E2395,33.33,39.49,2025-04-20
TXN1396,E2396,49.08,188.08,2025-04-10
TXN1397,E2397,42.74,1431.5,2025-04-21
TXN1398,E2398,30.23,424.46,2025-04-16
TXN1399,E2399,26.57,1278.62,2025-04-04
TXN1400,E2400,38.46,484.37,2025-04-08
TXN1401,E2401,14.51,40.15,2025-04-02
TXN1402,E2402,42.46,1052.42,2025-04-10
TXN1403,E2403,6.23,1045.02,2025-04-11
TXN1404,E2404,15.98,1191.16,2025-04-22
TXN1405,E2405,41.22,1117.7,2025-04-07
TXN1406,E2406,23.29,1299.82,2025-04-05
TXN1407,E2407,33.42,456.14,2025-04-02
TXN1408,E2408,46.9,1386.35,2025-04-21
TXN1409,E2409,11.01,1027.87,2025-04-13
TXN1410,E2410,18.63,1361.97,2025-04-14
TXN1411,E2411,33.91,627.31,2025-04-03
TXN1412,E2412,23.93,1356.86,2025-04-19
TXN1413,E2413,13.06,997.43,2025-03-30
TXN1414,E2414,43.79,610.5,2025-03-24
TXN1415,E2415,25.15,1188.72,2025-04-01
TXN1416,E2416,23.73,818.52,2025-04-21
TXN1417,E2417,38.93,373.19,2025-04-21
TXN1418,E2418,9.83,41.79,2025-04-19
TXN1419,E2419,19.75,353.54,2025-03-29
TXN1420,E2420,22.81,226.03,2025-04-22
TXN1421,E2421,19.8,1433.19,2025-04-10
TXN1422,E2422,7.03,1023.07,2025-03-31
TXN1423,E2423,14.35,389.57,2025-04-05
TXN1424,E2424,49.44,1116.58,2025-03-23
TXN1425,E2425,33.23,416.43,2025-04-08
TXN1426,E2426,36.61,1125.74,2025-04-18
TXN1427,E2427,5.05,540.89,2025-04-08
TXN1428,E2428,39.17,1198.0,2025-04-14
TXN1429,E2429,14.04,188.87,2025-03-27
TXN1430,E2430,45.55,531.68,2025-03-29
TXN1431,E2431,43.65,575.49,2025-04-18
TXN1432,E2432,7.82,595.86,2025-04-19
TXN1433,E2433,15.62,83.97,2025-03-24
TXN1434,E2434,14.01,1124.75,2025-04-01
TXN1435,E2435,35.83,741.03,2025-04-03
TXN1436,E2436,20.72,767.82,2025-03-23
TXN1437,E2437,40.4,1410.77,2025-04-10
TXN1438,E2438,47.38,609.66,2025-04-04
TXN1439,E2439,15.97,550.82,2025-04-18
TXN1440,E2440,30.84,127.8,2025-04-11
TXN1441,E2441,21.55,606.98,2025-04-11
TXN1442,E2442,8.52,622.37,2025-04-12
TXN1443,E2443,22.66,1485.64,2025-04-07
TXN1444,E2444,33.44,1205.21,2025-03-28
TXN1445,E2445,8.27,458.51,2025-03-29
TXN1446,E2446,13.86,90.36,2025-04-17
TXN1447,E2447,41.64,134.83,2025-04-12
TXN1448,E2448,21.11,111.41,2025-04-19
TXN1449,E2449,15.08,564.83,2025-04-21
TXN1450,E2450,23.63,652.88,2025-03-23
TXN1451,E2451,43.84,1091.75,2025-04-06
TXN1452,E2452,21.95,792.26,2025-04-04
TXN1453,E2453,10.66,587.3,2025-03-30
TXN1454,E2454,8.83,1368.77,2025-03-31
TXN1455,E2455,46.83,321.72,2025-03-24
TXN1456,E2456,19.43,1219.23,2025-04-08
TXN1457,E2457,13.99,1091.28,2025-03-31
TXN1458,E2458,41.77,191.62,2025-04-16
TXN1459,E2459,35.11,19.81,2025-04-09
TXN1460,E2460,48.8,628.35,2025-04-12
TXN1461,E2461,46.14,1238.24,2025-04-09
TXN1462,E2462,45.51,926.68,2025-03-23
TXN1463,E2463,30.78,1429.92,2025-03-23
TXN1464,E2464,33.35,762.52,2025-04-21
TXN1465,E2465,45.74,708.83,2025-03-23
TXN1466,E2466,28.34,890.37,2025-03-25
TXN1467,E2467,9.66,780.04,2025-04-17
TXN1468,E2468,27.39,188.27,2025-03-31
TXN1469,E2469,25.3,590.17,2025-04-11
TXN1470,E2470,47.89,1211.94,2025-04-21
TXN1471,E2471,16.82,523.62,2025-04-01
TXN1472,E2472,9.78,744.76,2025-03-25
TXN1473,E2473,29.85,592.77,2025-03-29
TXN1474,E2474,16.11,404.66,2025-04-20
TXN1475,E2475,48.66,1154.27,2025-04-11
TXN1476,E2476,41.91,650.76,2025-04-04
TXN1477,E2477,43.95,1466.18,2025-04-21
TXN1478,E2478,30.27,811.19,2025-04-05
TXN1479,E2479,46.3,641.18,2025-04-21
TXN1480,E2480,32.27,438.73,2025-04-09
TXN1481,E2481,37.52,605.67,2025-04-06
TXN1482,E2482,21.17,140.28,2025-04-16
TXN1483,E2483,16.53,591.93,2025-03-28
TXN1484,E2484,19.07,957.12,2025-04-21
TXN1485,E2485,23.12,1247.83,2025-04-04
TXN1486,E2486,10.29,1053.65,2025-03-23
TXN1487,E2487,29.77,1322.3,2025-04-01
TXN1488,E2488,11.73,579.52,2025-03-28
TXN1489,E2489,48.9,1482.9,2025-04-06
TXN1490,E2490,21.12,1320.35,2025-03-30
TXN1491,E2491,25.7,1476.86,2025-04-08
TXN1492,E2492,40.95,1016.18,2025-04-06
TXN1493,E2493,15.26,520.57,2025-03-25
TXN1494,E2494,20.53,489.42,2025-04-10
TXN1495,E2495,34.45,629.81,2025-04-08
TXN1496,E2496,25.71,13.57,2025-03-26
TXN1497,E2497,12.6,650.21,2025-04-20
TXN1498,E2498,22.58,61.45,2025-04-07
TXN1499,E2499,42.08,135.27,2025-04-17
TXN1500,E2500,11.91,1463.25,2025-04-21
TXN1501,E2501,16.09,89.02,2025-03-31
TXN1502,E2502,38.57,294.02,2025-03-24
TXN1503,E2503,20.45,907.74,2025-04-21
TXN1504,E2504,43.95,990.84,2025-03-28
TXN1505,E2505,46.46,844.18,2025-04-16
TXN1506,E2506,36.41,43.87,2025-04-20
TXN1507,E2507,11.04,450.56,2025-04-09
TXN1508,E2508,31.74,533.55,2025-04-19
TXN1509,E2509,20.7,1247.41,2025-04-17
TXN1510,E2510,28.15,826.55,2025-04-06
TXN1511,E2511,20.98,486.38,2025-04-17
TXN1512,E2512,19.88,413.69,2025-04-17
TXN1513,E2513,16.27,449.41,2025-04-13
TXN1514,E2514,43.17,299.57,2025-04-06
TXN1515,E2515,48.97,336.96,2025-03-27
TXN1516,E2516,16.64,939.69,2025-04-01
TXN1517,E2517,32.36,865.92,2025-04-12
TXN1518,E2518,36.46,719.46,2025-04-15
TXN1519,E2519,13.21,144.28,2025-03-23
TXN1520,E2520,45.27,370.94,2025-04-12
TXN1521,E2521,21.24,291.13,2025-03-26
TXN1522,E2522,14.36,355.06,2025-04-20
TXN1523,E2523,11.12,908.22,2025-04-11
TXN1524,E2524,19.43,17.12,2025-03-28
TXN1525,E2525,46.48,888.89,2025-04-15
TXN1526,E2526,37.8,135.54,2025-04-20
TXN1527,E2527,35.96,148.55,2025-04-08
TXN1528,E2528,11.26,1456.02,2025-04-19
TXN1529,E2529,45.0,1077.87,2025-04-08
TXN1530,E2530,28.71,1163.61,2025-04-13
TXN1531,E2531,23.27,1050.29,2025-04-01
TXN1532,E2532,23.41,158.05,2025-04-06
TXN1533,E2533,23.21,60.56,2025-04-12
TXN1534,E2534,45.09,1269.38,2025-04-13
TXN1535,E2535,36.57,361.22,2025-04-13
TXN1536,E2536,48.23,624.07,2025-04-10
TXN1537,E2537,29.15,1478.85,2025-03-24
TXN1538,E2538,46.87,1259.37,2025-04-04
TXN1539,E2539,13.62,836.84,2025-04-07
TXN1540,E2540,10.23,1350.32,2025-04-03
TXN1541,E2541,36.17,965.21,2025-03-30
TXN1542,E2542,41.71,1277.19,2025-03-28
TXN1543,E2543,33.75,1181.71,2025-04-22
TXN1544,E2544,35.83,270.59,2025-04-05
TXN1545,E2545,25.98,1092.89,2025-03-25
TXN1546,E2546,26.76,972.17,2025-03-24
TXN1547,E2547,14.99,702.48,2025-04-15
TXN1548,E2548,45.25,903.04,2025-03-30
TXN1549,E2549,40.68,578.31,2025-04-02
TXN1550,E2550,35.29,530.28,2025-04-21
TXN1551,E2551,48.16,843.02,2025-04-18
TXN1552,E2552,30.78,311.23,2025-04-05
TXN1553,E2553,46.84,807.64,2025-04-14
TXN1554,E2554,27.78,321.46,2025-03-27
TXN1555,E2555,41.91,778.67,2025-04-14
TXN1556,E2556,41.88,1406.85,2025-04-16
TXN1557,E2557,21.45,1021.97,2025-03-29
TXN1558,E2558,35.14,540.27,2025-04-11
TXN1559,E2559,30.99,263.45,2025-03-31
TXN1560,E2560,36.23,12.23,2025-04-13
TXN1561,E2561,47.35,1169.58,2025-04-02
TXN1562,E2562,42.29,1294.09,2025-04-14
TXN1563,E2563,46.44,1.23,2025-03-26
TXN1564,E2564,30.06,641.08,2025-03-27
TXN1565,E2565,24.12,804.31,2025-04-17
TXN1566,E2566,36.34,794.2,2025-03-25
TXN1567,E2567,30.04,1200.39,2025-03-29
TXN1568,E2568,23.7,30.24,2025-04-03
TXN1569,E2569,49.57,571.13,2025-04-17
TXN1570,E2570,33.43,180.86,2025-04-01
TXN1571,E2571,37.29,1155.16,2025-04-05
TXN1572,E2572,45.25,879.52,2025-03-23
TXN1573,E2573,24.21,710.65,2025-04-20
TXN1574,E2574,31.21,451.12,2025-04-17
TXN1575,E2575,30.03,780.01,2025-04-16
TXN1576,E2576,26.99,1412.62,2025-03-31
TXN1577,E2577,41.19,195.79,2025-04-09
TXN1578,E2578,20.37,670.67,2025-04-06
TXN1579,E2579,5.32,382.26,2025-03-26
TXN1580,E2580,29.25,400.76,2025-03-24
TXN1581,E2581,30.58,858.62,2025-04-12
TXN1582,E2582,41.64,343.56,2025-03-23
TXN1583,E2583,9.67,392.94,2025-04-18
TXN1584,E2584,35.39,1350.57,2025-03-30
TXN1585,E2585,29.18,1179.59,2025-04-10
TXN1586,E2586,28.28,433.72,2025-03-24
TXN1587,E2587,41.8,813.81,2025-04-22
TXN1588,E2588,35.96,1272.38,2025-04-15
TXN1589,E2589,15.24,765.45,2025-04-20
TXN1590,E2590,29.07,1058.1,2025-03-28
TXN1591,E2591,35.89,1447.53,2025-04-06
TXN1592,E2592,10.81,1229.44,2025-03-29
TXN1593,E2593,49.8,982.52,2025-04-22
TXN1594,E2594,10.53,1017.41,2025-04-02
TXN1595,E2595,38.84,282.45,2025-04-16
TXN1596,E2596,45.78,647.85,2025-04-22
TXN1597,E2597,31.62,712.01,2025-04-02
TXN1598,E2598,10.66,482.46,2025-04-13
TXN1599,E2599,22.3,634.21,2025-04-02
TXN1600,E2600,8.63,576.59,2025-03-31
TXN1601,E2601,42.12,1144.26,2025-04-01
TXN1602,E2602,47.18,925.72,2025-03-29
TXN1603,E2603,26.48,1446.28,2025-03-28
TXN1604,E2604,24.78,177.13,2025-04-18
TXN1605,E2605,26.03,324.48,2025-04-12
TXN1606,E2606,19.39,696.09,2025-03-31
TXN1607,E2607,9.16,701.08,2025-04-10
TXN1608,E2608,33.88,1229.71,2025-03-28
TXN1609,E2609,17.37,979.58,2025-03-29
TXN1610,E2610,32.14,1302.68,2025-04-06
TXN1611,E2611,6.24,719.28,2025-04-06
TXN1612,E2612,41.02,1450.72,2025-04-06
TXN1613,E2613,44.37,576.43,2025-04-05
TXN1614,E2614,46.89,1356.72,2025-03-27
TXN1615,E2615,41.3,224.51,2025-03-24
TXN1616,E2616,41.05,0.14,2025-04-21
TXN1617,E2617,12.93,918.13,2025-04-02
TXN1618,E2618,9.07,970.26,2025-03-23
TXN1619,E2619,22.65,1416.64,2025-04-07
TXN1620,E2620,22.26,1306.96,2025-04-22
TXN1621,E2621,38.43,746.36,2025-04-14
TXN1622,E2622,27.25,315.63,2025-04-13
TXN1623,E2623,24.18,66.67,2025-04-05
TXN1624,E2624,12.23,335.92,2025-03-29
TXN1625,E2625,44.81,424.69,2025-04-11
TXN1626,E2626,31.88,1241.46,2025-03-23
TXN1627,E2627,35.4,971.97,2025-04-15
TXN1628,E2628,43.88,1041.12,2025-03-25
TXN1629,E2629,44.69,231.2,2025-04-06
TXN1630,E2630,23.09,280.81,2025-04-14
TXN1631,E2631,33.24,183.07,2025-04-09
TXN1632,E2632,11.19,80.42,2025-03-30
TXN1633,E2633,48.69,1451.39,2025-03-23
TXN1634,E2634,38.3,27.55,2025-03-25
TXN1635,E2635,27.74,1128.22,2025-03-24
TXN1636,E2636,45.83,1409.85,2025-04-16
TXN1637,E2637,32.73,165.56,2025-03-26
TXN1638,E2638,48.71,174.57,2025-04-14
TXN1639,E2639,22.93,1265.42,2025-04-15
TXN1640,E2640,44.19,28.23,2025-03-27
TXN1641,E2641,33.81,386.55,2025-04-08
TXN1642,E2642,25.06,1297.23,2025-04-06
TXN1643,E2643,10.06,248.02,2025-04-11
TXN1644,E2644,6.42,606.86,2025-03-26
TXN1645,E2645,22.33,1466.35,2025-04-15
TXN1646,E2646,47.11,784.5,2025-03-28
TXN1647,E2647,35.41,640.31,2025-03-31
TXN1648,E2648,43.57,1029.12,2025-04-07
TXN1649,E2649,6.21,535.93,2025-04-15
TXN1650,E2650,13.73,1142.46,2025-03-25
TXN1651,E2651,18.79,1293.69,2025-04-03
TXN1652,E2652,18.92,1034.4,2025-04-19
TXN1653,E2653,16.1,870.8,2025-03-27
TXN1654,E2654,43.49,432.32,2025-04-05
TXN1655,E2655,44.38,117.95,2025-03-31
TXN1656,E2656,14.54,157.9,2025-03-28
TXN1657,E2657,30.91,595.31,2025-04-01
TXN1658,E2658,18.23,682.75,2025-03-31
TXN1659,E2659,41.92,334.74,2025-04-08
TXN1660,E2660,20.86,1070.73,2025-04-20
TXN1661,E2661,47.86,160.52,2025-04-09
TXN1662,E2662,41.01,108.29,2025-04-21
TXN1663,E2663,44.6,273.03,2025-04-03
TXN1664,E2664,11.18,422.69,2025-04-19
TXN1665,E2665,38.77,1131.97,2025-04-02
TXN1666,E2666,9.92,542.98,2025-04-07
TXN1667,E2667,23.46,687.21,2025-04-14
TXN1668,E2668,48.8,505.52,2025-03-27
TXN1669,E2669,21.44,1132.95,2025-04-09
TXN1670,E2670,16.22,346.83,2025-04-11
TXN1671,E2671,22.78,869.52,2025-04-15
TXN1672,E2672,43.82,120.68,2025-03-23
TXN1673,E2673,49.01,1091.57,2025-03-24
TXN1674,E2674,14.43,348.73,2025-04-22
TXN1675,E2675,28.54,958.22,2025-04-20
TXN1676,E2676,44.78,242.73,2025-04-07
TXN1677,E2677,11.66,582.69,2025-04-16
TXN1678,E2678,34.08,1299.07,2025-04-08
TXN1679,E2679,43.41,1001.11,2025-03-28
TXN1680,E2680,5.21,407.34,2025-04-16
TXN1681,E2681,14.05,432.33,2025-03-26
TXN1682,E2682,46.9,439.95,2025-04-07
TXN1683,E2683,36.04,1102.34,2025-04-22
TXN1684,E2684,38.35,728.87,2025-04-19
TXN1685,E2685,36.18,173.91,2025-04-15
TXN1686,E2686,19.35,815.03,2025-04-10
TXN1687,E2687,22.84,727.19,2025-04-01
TXN1688,E2688,27.14,170.56,2025-04-02
TXN1689,E2689,10.19,540.66,2025-04-01
TXN1690,E2690,15.15,91.28,2025-04-18
TXN1691,E2691,25.5,1094.02,2025-04-15
TXN1692,E2692,25.86,101.17,2025-03-26
TXN1693,E2693,17.96,914.83,2025-04-20
TXN1694,E2694,45.04,486.46,2025-04-07
TXN1695,E2695,40.84,34.25,2025-04-18
TXN1696,E2696,40.64,573.15,2025-04-12
TXN1697,E2697,32.51,1137.86,2025-04-15
TXN1698,E2698,11.23,596.43,2025-04-22
TXN1699,E2699,40.91,946.26,2025-04-01
TXN1700,E2700,46.69,131.89,2025-04-19
TXN1701,E2701,16.61,854.65,2025-04-04
TXN1702,E2702,40.74,905.16,2025-04-18
TXN1703,E2703,48.76,809.14,2025-04-21
TXN1704,E2704,22.94,441.97,2025-04-18
TXN1705,E2705,46.31,1492.97,2025-04-17
TXN1706,E2706,27.99,511.21,2025-04-09
TXN1707,E2707,13.31,245.86,2025-04-21
TXN1708,E2708,10.23,794.33,2025-04-08
TXN1709,E2709,25.89,525.88,2025-04-08
TXN1710,E2710,36.15,457.79,2025-04-15
TXN1711,E2711,16.31,819.0,2025-04-16
TXN1712,E2712,45.86,71.71,2025-03-31
TXN1713,E2713,26.94,495.74,2025-04-10
TXN1714,E2714,17.05,1174.43,2025-03-26
TXN1715,E2715,26.71,208.55,2025-03-24
TXN1716,E2716,42.63,97.15,2025-04-12
TXN1717,E2717,40.94,981.32,2025-04-14
TXN1718,E2718,19.96,54.17,2025-03-27
TXN1719,E2719,18.89,1218.79,2025-04-05
TXN1720,E2720,10.76,1180.95,2025-04-11
TXN1721,E2721,26.75,1259.63,2025-04-22
TXN1722,E2722,13.43,1061.83,2025-04-04
TXN1723,E2723,33.04,1040.29,2025-03-31
TXN1724,E2724,28.64,570.74,2025-04-13
TXN1725,E2725,21.64,1288.6,2025-03-26
TXN1726,E2726,16.01,257.35,2025-04-12
TXN1727,E2727,14.1,1148.63,2025-04-21
TXN1728,E2728,39.53,1258.92,2025-04-14
TXN1729,E2729,32.68,1403.07,2025-04-06
TXN1730,E2730,20.05,345.08,2025-04-17
TXN1731,E2731,24.35,934.91,2025-04-05
TXN1732,E2732,40.57,127.56,2025-03-23
TXN1733,E2733,34.25,742.0,2025-04-17
TXN1734,E2734,39.08,550.39,2025-03-24
TXN1735,E2735,33.68,478.11,2025-04-18
TXN1736,E2736,11.54,702.27,2025-03-28
TXN1737,E2737,14.97,1356.38,2025-04-17
TXN1738,E2738,16.27,807.38,2025-04-15
TXN1739,E2739,10.44,369.26,2025-04-17
TXN1740,E2740,29.92,629.72,2025-04-08
TXN1741,E2741,20.28,654.49,2025-03-29
TXN1742,E2742,11.8,647.93,2025-03-27
TXN1743,E2743,44.79,391.35,2025-04-20
TXN1744,E2744,25.57,715.06,2025-03-24
TXN1745,E2745,19.74,1375.77,2025-03-30
TXN1746,E2746,39.28,663.57,2025-03-24
TXN1747,E2747,44.73,987.39,2025-04-03
TXN1748,E2748,42.13,113.26,2025-03-25
TXN1749,E2749,26.74,1392.17,2025-03-25
TXN1750,E2750,9.01,1054.95,2025-03-30
TXN1751,E2751,33.62,726.34,2025-04-21
TXN1752,E2752,24.48,238.5,2025-04-05
TXN1753,E2753,43.63,318.93,2025-04-07
TXN1754,E2754,17.35,1306.77,2025-04-09
TXN1755,E2755,13.19,636.92,2025-04-16
TXN1756,E2756,28.88,1113.69,2025-04-10
TXN1757,E2757,41.98,231.03,2025-04-10
TXN1758,E2758,44.49,639.75,2025-03-29
TXN1759,E2759,5.85,500.85,2025-04-02
TXN1760,E2760,39.28,97.2,2025-04-21
TXN1761,E2761,17.46,1373.22,2025-04-08
TXN1762,E2762,5.49,594.05,2025-03-30
TXN1763,E2763,10.52,39.54,2025-04-19
TXN1764,E2764,24.34,597.72,2025-04-02
TXN1765,E2765,21.63,80.98,2025-04-05
TXN1766,E2766,44.02,646.7,2025-03-26
TXN1767,E2767,26.37,1225.44,2025-04-08
TXN1768,E2768,45.3,44.96,2025-03-31
TXN1769,E2769,25.16,1268.47,2025-04-15
TXN1770,E2770,26.56,604.03,2025-03-30
TXN1771,E2771,7.09,724.41,2025-03-23
TXN1772,E2772,17.3,789.45,2025-04-16
TXN1773,E2773,36.1,1095.87,2025-03-29
TXN1774,E2774,47.49,1392.91,2025-03-29
TXN1775,E2775,6.29,257.8,2025-04-13
TXN1776,E2776,23.47,382.37,2025-04-07
TXN1777,E2777,31.4,1009.75,2025-04-09
TXN1778,E2778,18.81,163.7,2025-04-01
TXN1779,E2779,48.36,627.58,2025-04-17
TXN1780,E2780,17.33,166.48,2025-04-21
TXN1781,E2781,43.98,1215.39,2025-04-16
TXN1782,E2782,25.44,166.49,2025-03-26
TXN1783,E2783,25.96,1305.12,2025-03-29
TXN1784,E2784,5.2,967.33,2025-04-18
TXN1785,E2785,22.12,529.85,2025-03-30
TXN1786,E2786,20.83,1328.82,2025-03-25
TXN1787,E2787,28.47,359.9,2025-03-24
TXN1788,E2788,7.9,1095.9,2025-04-02
TXN1789,E2789,34.19,895.56,2025-03-24
TXN1790,E2790,30.19,1093.46,2025-04-22
TXN1791,E2791,33.85,465.92,2025-04-03
TXN1792,E2792,42.79,598.05,2025-03-29
TXN1793,E2793,8.58,734.6,2025-04-03
TXN1794,E2794,31.02,474.96,2025-03-30
TXN1795,E2795,21.1,1.47,2025-03-24
TXN1796,E2796,18.24,429.62,2025-03-31
TXN1797,E2797,21.92,472.13,2025-04-11
TXN1798,E2798,18.27,1169.03,2025-04-20
TXN1799,E2799,18.41,741.09,2025-04-09
TXN1800,E2800,13.63,305.24,2025-04-19
TXN1801,E2801,8.5,1498.34,2025-03-31
TXN1802,E2802,21.36,975.97,2025-03-24
TXN1803,E2803,15.03,246.43,2025-04-05
TXN1804,E2804,6.79,201.68,2025-04-05
TXN1805,E2805,13.35,332.52,2025-04-22
TXN1806,E2806,38.04,876.52,2025-04-01
TXN1807,E2807,38.9,1492.19,2025-03-23
TXN1808,E2808,45.61,414.42,2025-04-04
TXN1809,E2809,18.85,1406.02,2025-03-29
TXN1810,E2810,6.97,132.8,2025-04-12
TXN1811,E2811,15.46,473.82,2025-04-08
TXN1812,E2812,33.54,1361.99,2025-03-24
TXN1813,E2813,36.7,1301.28,2025-04-01
TXN1814,E2814,6.82,187.12,2025-04-01
TXN1815,E2815,5.14,1031.75,2025-04-09
TXN1816,E2816,40.55,173.32,2025-04-08
TXN1817,E2817,31.92,198.86,2025-04-16
TXN1818,E2818,43.57,537.15,2025-03-28
TXN1819,E2819,34.14,409.45,2025-03-30
TXN1820,E2820,32.15,542.4,2025-03-23
TXN1821,E2821,13.31,517.4,2025-04-20
TXN1822,E2822,15.04,311.66,2025-04-13
TXN1823,E2823,30.91,1414.74,2025-04-15
TXN1824,E2824,38.5,187.81,2025-04-18
TXN1825,E2825,13.98,236.32,2025-04-13
TXN1826,E2826,47.59,646.73,2025-04-16
TXN1827,E2827,47.48,1094.07,2025-04-10
TXN1828,E2828,30.99,1178.56,2025-04-07
TXN1829,E2829,5.41,249.87,2025-04-12
TXN1830,E2830,32.08,1323.63,2025-03-23
TXN1831,E2831,41.41,390.68,2025-04-10
TXN1832,E2832,18.86,1286.15,2025-04-14
TXN1833,E2833,44.94,1281.9,2025-04-01
TXN1834,E2834,8.63,1494.86,2025-04-09
TXN1835,E2835,46.44,803.18,2025-04-18
TXN1836,E2836,39.39,60.15,2025-04-17
TXN1837,E2837,12.3,1044.72,2025-04-07
TXN1838,E2838,40.21,973.85,2025-04-20
TXN1839,E2839,44.13,103.18,2025-03-27
TXN1840,E2840,22.15,1101.88,2025-04-15
TXN1841,E2841,12.59,710.56,2025-03-30
TXN1842,E2842,7.9,585.69,2025-04-17
TXN1843,E2843,48.43,200.94,2025-04-18
TXN1844,E2844,14.13,1397.08,2025-04-15
TXN1845,E2845,11.77,166.35,2025-03-26
TXN1846,E2846,19.05,743.22,2025-03-26
TXN1847,E2847,12.56,674.18,2025-03-30
TXN1848,E2848,35.61,374.71,2025-03-28
TXN1849,E2849,47.49,621.88,2025-04-05
TXN1850,E2850,37.62,639.47,2025-04-10
TXN1851,E2851,34.0,813.89,2025-04-05
TXN1852,E2852,31.61,626.63,2025-04-02
TXN1853,E2853,10.94,926.42,2025-04-01
TXN1854,E2854,42.38,745.11,2025-04-09
TXN1855,E2855,40.64,586.24,2025-03-28
TXN1856,E2856,11.15,178.88,2025-04-15
TXN1857,E2857,37.49,800.66,2025-04-12
TXN1858,E2858,6.63,102.61,2025-04-19
TXN1859,E2859,10.24,136.86,2025-03-24
TXN1860,E2860,11.4,694.89,2025-03-29
TXN1861,E2861,23.46,470.99,2025-04-14
TXN1862,E2862,22.09,45.31,2025-04-15
TXN1863,E2863,6.36,1432.02,2025-03-26
TXN1864,E2864,19.22,982.76,2025-04-01
TXN1865,E2865,23.65,885.06,2025-04-16
TXN1866,E2866,47.66,945.88,2025-03-31
TXN1867,E2867,12.08,429.98,2025-04-03
TXN1868,E2868,8.98,188.77,2025-04-05
TXN1869,E2869,43.18,134.98,2025-04-04
TXN1870,E2870,44.21,666.66,2025-04-19
TXN1871,E2871,49.49,13.01,2025-03-24
TXN1872,E2872,14.62,1349.48,2025-04-08
TXN1873,E2873,47.13,1319.05,2025-03-25
TXN1874,E2874,38.66,970.01,2025-04-05
TXN1875,E2875,44.51,520.39,2025-04-15
TXN1876,E2876,24.01,825.7,2025-04-02
TXN1877,E2877,34.82,224.86,2025-04-19
TXN1878,E2878,44.56,1471.81,2025-04-18
TXN1879,E2879,5.77,1321.8,2025-04-12
TXN1880,E2880,11.83,351.91,2025-04-04
TXN1881,E2881,29.55,1442.58,2025-03-27
TXN1882,E2882,30.23,1118.54,2025-04-02
TXN1883,E2883,18.41,1178.63,2025-04-20
TXN1884,E2884,17.76,1214.71,2025-03-26
TXN1885,E2885,26.85,1377.21,2025-03-29
TXN1886,E2886,43.03,949.71,2025-04-05
TXN1887,E2887,35.37,38.1,2025-04-16
TXN1888,E2888,5.96,1204.92,2025-03-24
TXN1889,E2889,14.07,1039.24,2025-03-26
TXN1890,E2890,49.3,1177.01,2025-04-11
TXN1891,E2891,21.88,782.03,2025-04-21
TXN1892,E2892,20.84,1468.05,2025-04-16
TXN1893,E2893,38.78,496.02,2025-04-13
TXN1894,E2894,48.99,1128.98,2025-04-19
TXN1895,E2895,49.39,406.77,2025-04-20
TXN1896,E2896,7.01,698.56,2025-04-17
TXN1897,E2897,42.26,751.75,2025-04-03
TXN1898,E2898,16.8,103.55,2025-04-17
TXN1899,E2899,37.91,452.39,2025-04-21
TXN1900,E2900,37.55,1384.35,2025-03-26
TXN1901,E2901,24.83,1301.32,2025-04-19
TXN1902,E2902,43.86,717.68,2025-04-03
TXN1903,E2903,10.31,251.93,2025-04-16
TXN1904,E2904,27.39,117.31,2025-04-19
TXN1905,E2905,10.55,181.43,2025-04-12
TXN1906,E2906,13.67,635.44,2025-04-18
TXN1907,E2907,36.24,673.53,2025-04-04
TXN1908,E2908,33.28,50.61,2025-03-25
TXN1909,E2909,38.86,789.51,2025-04-08
TXN1910,E2910,5.21,584.53,2025-04-09
TXN1911,E2911,30.42,885.02,2025-04-14
TXN1912,E2912,13.83,323.98,2025-03-30
TXN1913,E2913,38.52,340.53,2025-04-05
TXN1914,E2914,32.34,372.74,2025-03-30
TXN1915,E2915,5.09,489.21,2025-04-04
TXN1916,E2916,48.76,1177.14,2025-04-12
TXN1917,E2917,46.58,1428.56,2025-04-19
TXN1918,E2918,32.14,263.45,2025-03-29
TXN1919,E2919,41.91,776.94,2025-03-31
TXN1920,E2920,48.8,18.71,2025-04-07
TXN1921,E2921,18.39,426.86,2025-03-29
TXN1922,E2922,10.95,256.81,2025-04-01
TXN1923,E2923,9.23,74.47,2025-03-25
TXN1924,E2924,12.36,212.67,2025-03-27
TXN1925,E2925,31.18,919.28,2025-04-15
TXN1926,E2926,35.19,482.55,2025-04-18
TXN1927,E2927,39.89,563.21,2025-04-15
TXN1928,E2928,20.04,977.25,2025-03-23
TXN1929,E2929,14.66,675.94,2025-03-31
TXN1930,E2930,34.71,1194.53,2025-04-10
TXN1931,E2931,11.3,1071.96,2025-04-04
TXN1932,E2932,23.85,1383.63,2025-03-31
TXN1933,E2933,32.25,1287.96,2025-04-20
TXN1934,E2934,27.43,1356.47,2025-03-26
TXN1935,E2935,49.07,1254.06,2025-04-04
TXN1936,E2936,17.77,700.53,2025-04-09
TXN1937,E2937,30.96,742.56,2025-03-29
TXN1938,E2938,10.98,180.61,2025-03-24
TXN1939,E2939,11.66,1462.94,2025-04-05
TXN1940,E2940,5.69,708.57,2025-04-12
TXN1941,E2941,42.29,1374.7,2025-04-08
TXN1942,E2942,48.76,413.71,2025-03-29
TXN1943,E2943,7.88,1174.22,2025-04-18
TXN1944,E2944,44.72,391.0,2025-04-09
TXN1945,E2945,33.81,980.02,2025-04-19
TXN1946,E2946,14.4,963.24,2025-04-05
TXN1947,E2947,25.73,735.52,2025-03-31
TXN1948,E2948,14.96,849.59,2025-04-13
TXN1949,E2949,46.59,1250.89,2025-03-23
TXN1950,E2950,25.71,355.18,2025-04-01
TXN1951,E2951,6.89,458.65,2025-03-30
TXN1952,E2952,14.51,266.29,2025-04-08
TXN1953,E2953,37.22,247.54,2025-04-15
TXN1954,E2954,24.76,343.94,2025-04-07
TXN1955,E2955,43.5,1454.23,2025-03-27
TXN1956,E2956,23.33,1287.71,2025-04-06
TXN1957,E2957,14.51,767.57,2025-04-02
TXN1958,E2958,24.0,326.51,2025-04-02
TXN1959,E2959,32.42,736.23,2025-04-01
TXN1960,E2960,14.58,142.79,2025-04-05
TXN1961,E2961,32.2,530.63,2025-04-02
TXN1962,E2962,42.32,403.68,2025-04-03
TXN1963,E2963,40.03,131.2,2025-04-13
TXN1964,E2964,7.78,215.67,2025-04-02
TXN1965,E2965,9.96,249.65,2025-04-19
TXN1966,E2966,5.24,1049.43,2025-03-23
TXN1967,E2967,36.74,385.45,2025-04-08
TXN1968,E2968,17.16,1280.58,2025-03-29
TXN1969,E2969,34.53,1125.43,2025-04-01
TXN1970,E2970,21.31,1099.13,2025-04-11
TXN1971,E2971,6.67,565.28,2025-04-22
TXN1972,E2972,7.23,725.6,2025-03-27
TXN1973,E2973,38.9,1024.52,2025-04-16
TXN1974,E2974,44.52,797.18,2025-04-11
TXN1975,E2975,20.81,132.13,2025-04-14
TXN1976,E2976,48.66,1429.93,2025-04-07
TXN1977,E2977,12.7,562.07,2025-04-04
TXN1978,E2978,34.56,1163.25,2025-04-22
TXN1979,E2979,23.64,1407.15,2025-04-04
TXN1980,E2980,11.49,777.22,2025-04-17
TXN1981,E2981,8.41,346.28,2025-03-30
TXN1982,E2982,7.91,1250.05,2025-04-14
TXN1983,E2983,34.01,693.34,2025-04-20
TXN1984,E2984,29.92,395.6,2025-04-10
TXN1985,E2985,12.72,539.05,2025-04-08
TXN1986,E2986,6.65,1214.19,2025-04-14
TXN1987,E2987,11.8,28.87,2025-04-14
TXN1988,E2988,26.45,55.77,2025-03-24
TXN1989,E2989,42.62,1480.47,2025-03-27
TXN1990,E2990,38.72,328.76,2025-04-08
TXN1991,E2991,34.69,1476.4,2025-03-26
TXN1992,E2992,21.21,522.85,2025-04-12
TXN1993,E2993,48.28,718.7,2025-03-27
TXN1994,E2994,6.42,376.62,2025-04-18
TXN1995,E2995,31.87,433.48,2025-04-02
TXN1996,E2996,14.88,289.27,2025-04-11
TXN1997,E2997,44.26,808.72,2025-04-21
TXN1998,E2998,13.85,1175.59,2025-04-09
TXN1999,E2999,41.05,1354.11,2025-04-04
